ID,Filename,Work,URN_Prefix,Source
w-HHAphrodite-tlg0013-tlg005,HHAphrodite,tlg0013.tlg005,urn:cts:greekLit:tlg0013.tlg005.,hypotactic
w-HHApollo-tlg0013-tlg003,HHApollo,tlg0013.tlg003,urn:cts:greekLit:tlg0013.tlg003.,hypotactic
w-HHDemeter-tlg0013-tlg002,HHDemeter,tlg0013.tlg002,urn:cts:greekLit:tlg0013.tlg002.,hypotactic
w-HHermes-tlg0013-tlg004,HHermes,tlg0013.tlg004,urn:cts:greekLit:tlg0013.tlg004.,hypotactic
w-HHymns-tlg0013,HHymns,tlg0013,urn:cts:greekLit:tlg0013.,hypotactic
w-apollonius1-tlg0001-tlg001,apollonius1,tlg0001.tlg001,urn:cts:greekLit:tlg0001.tlg001.,hypotactic
w-apollonius2-tlg0001-tlg001,apollonius2,tlg0001.tlg001,urn:cts:greekLit:tlg0001.tlg001.,hypotactic
w-apollonius3-tlg0001-tlg001,apollonius3,tlg0001.tlg001,urn:cts:greekLit:tlg0001.tlg001.,hypotactic
w-apollonius4-tlg0001-tlg001,apollonius4,tlg0001.tlg001,urn:cts:greekLit:tlg0001.tlg001.,hypotactic
w-batmumach-tlg1220-tlg001,batmumach,tlg1220.tlg001,urn:cts:greekLit:tlg1220.tlg001.,hypotactic
w-bion-tlg0036,bion,tlg0036,urn:cts:greekLit:tlg0036.,hypotactic
w-callimachusEp-tlg0533-tlg003,callimachusEp,tlg0533.tlg003,urn:cts:greekLit:tlg0533.tlg003.,hypotactic
w-callimachusEp-tlg0533-tlg004,callimachusEp,tlg0533.tlg004,urn:cts:greekLit:tlg0533.tlg004.,hypotactic
w-callimachusHymns-tlg0533-tlg015,callimachusHymns,tlg0533.tlg015,urn:cts:greekLit:tlg0533.tlg015.,hypotactic
w-callimachusHymns-tlg0533-tlg016,callimachusHymns,tlg0533.tlg016,urn:cts:greekLit:tlg0533.tlg016.,hypotactic
w-callimachusHymns-tlg0533-tlg017,callimachusHymns,tlg0533.tlg017,urn:cts:greekLit:tlg0533.tlg017.,hypotactic
w-callimachusHymns-tlg0533-tlg018,callimachusHymns,tlg0533.tlg018,urn:cts:greekLit:tlg0533.tlg018.,hypotactic
w-callimachusHymns-tlg0533-tlg019,callimachusHymns,tlg0533.tlg019,urn:cts:greekLit:tlg0533.tlg019.,hypotactic
w-callimachusHymns-tlg0533-tlg020,callimachusHymns,tlg0533.tlg020,urn:cts:greekLit:tlg0533.tlg020.,hypotactic
w-iliad1-tlg0012-tlg001,iliad1,tlg0012.tlg001,urn:cts:greekLit:tlg0012.tlg001.,hypotactic
w-iliad10-tlg0012-tlg001,iliad10,tlg0012.tlg001,urn:cts:greekLit:tlg0012.tlg001.,hypotactic
w-iliad11-tlg0012-tlg001,iliad11,tlg0012.tlg001,urn:cts:greekLit:tlg0012.tlg001.,hypotactic
w-iliad12-tlg0012-tlg001,iliad12,tlg0012.tlg001,urn:cts:greekLit:tlg0012.tlg001.,hypotactic
w-iliad13-tlg0012-tlg001,iliad13,tlg0012.tlg001,urn:cts:greekLit:tlg0012.tlg001.,hypotactic
w-iliad14-tlg0012-tlg001,iliad14,tlg0012.tlg001,urn:cts:greekLit:tlg0012.tlg001.,hypotactic
w-iliad15-tlg0012-tlg001,iliad15,tlg0012.tlg001,urn:cts:greekLit:tlg0012.tlg001.,hypotactic
w-iliad16-tlg0012-tlg001,iliad16,tlg0012.tlg001,urn:cts:greekLit:tlg0012.tlg001.,hypotactic
w-iliad17-tlg0012-tlg001,iliad17,tlg0012.tlg001,urn:cts:greekLit:tlg0012.tlg001.,hypotactic
w-iliad18-tlg0012-tlg001,iliad18,tlg0012.tlg001,urn:cts:greekLit:tlg0012.tlg001.,hypotactic
w-iliad19-tlg0012-tlg001,iliad19,tlg0012.tlg001,urn:cts:greekLit:tlg0012.tlg001.,hypotactic
w-iliad2-tlg0012-tlg001,iliad2,tlg0012.tlg001,urn:cts:greekLit:tlg0012.tlg001.,hypotactic
w-iliad20-tlg0012-tlg001,iliad20,tlg0012.tlg001,urn:cts:greekLit:tlg0012.tlg001.,hypotactic
w-iliad21-tlg0012-tlg001,iliad21,tlg0012.tlg001,urn:cts:greekLit:tlg0012.tlg001.,hypotactic
w-iliad22-tlg0012-tlg001,iliad22,tlg0012.tlg001,urn:cts:greekLit:tlg0012.tlg001.,hypotactic
w-iliad23-tlg0012-tlg001,iliad23,tlg0012.tlg001,urn:cts:greekLit:tlg0012.tlg001.,hypotactic
w-iliad24-tlg0012-tlg001,iliad24,tlg0012.tlg001,urn:cts:greekLit:tlg0012.tlg001.,hypotactic
w-iliad3-tlg0012-tlg001,iliad3,tlg0012.tlg001,urn:cts:greekLit:tlg0012.tlg001.,hypotactic
w-iliad4-tlg0012-tlg001,iliad4,tlg0012.tlg001,urn:cts:greekLit:tlg0012.tlg001.,hypotactic
w-iliad5-tlg0012-tlg001,iliad5,tlg0012.tlg001,urn:cts:greekLit:tlg0012.tlg001.,hypotactic
w-iliad6-tlg0012-tlg001,iliad6,tlg0012.tlg001,urn:cts:greekLit:tlg0012.tlg001.,hypotactic
w-iliad7-tlg0012-tlg001,iliad7,tlg0012.tlg001,urn:cts:greekLit:tlg0012.tlg001.,hypotactic
w-iliad8-tlg0012-tlg001,iliad8,tlg0012.tlg001,urn:cts:greekLit:tlg0012.tlg001.,hypotactic
w-iliad9-tlg0012-tlg001,iliad9,tlg0012.tlg001,urn:cts:greekLit:tlg0012.tlg001.,hypotactic
w-isthmians-tlg0033-tlg004,isthmians,tlg0033.tlg004,urn:cts:greekLit:tlg0033.tlg004.,hypotactic
w-moschus-tlg0035,moschus,tlg0035,urn:cts:greekLit:tlg0035.,hypotactic
w-nemeans-tlg0033-tlg003,nemeans,tlg0033.tlg003,urn:cts:greekLit:tlg0033.tlg003.,hypotactic
w-nicander-tlg0022-tlg001,nicander,tlg0022.tlg001,urn:cts:greekLit:tlg0022.tlg001.,hypotactic
w-nicander-tlg0022-tlg002,nicander,tlg0022.tlg002,urn:cts:greekLit:tlg0022.tlg002.,hypotactic
w-odyssey1-tlg0012-tlg002,odyssey1,tlg0012.tlg002,urn:cts:greekLit:tlg0012.tlg002.,hypotactic
w-odyssey10-tlg0012-tlg002,odyssey10,tlg0012.tlg002,urn:cts:greekLit:tlg0012.tlg002.,hypotactic
w-odyssey11-tlg0012-tlg002,odyssey11,tlg0012.tlg002,urn:cts:greekLit:tlg0012.tlg002.,hypotactic
w-odyssey12-tlg0012-tlg002,odyssey12,tlg0012.tlg002,urn:cts:greekLit:tlg0012.tlg002.,hypotactic
w-odyssey13-tlg0012-tlg002,odyssey13,tlg0012.tlg002,urn:cts:greekLit:tlg0012.tlg002.,hypotactic
w-odyssey14-tlg0012-tlg002,odyssey14,tlg0012.tlg002,urn:cts:greekLit:tlg0012.tlg002.,hypotactic
w-odyssey15-tlg0012-tlg002,odyssey15,tlg0012.tlg002,urn:cts:greekLit:tlg0012.tlg002.,hypotactic
w-odyssey16-tlg0012-tlg002,odyssey16,tlg0012.tlg002,urn:cts:greekLit:tlg0012.tlg002.,hypotactic
w-odyssey17-tlg0012-tlg002,odyssey17,tlg0012.tlg002,urn:cts:greekLit:tlg0012.tlg002.,hypotactic
w-odyssey18-tlg0012-tlg002,odyssey18,tlg0012.tlg002,urn:cts:greekLit:tlg0012.tlg002.,hypotactic
w-odyssey19-tlg0012-tlg002,odyssey19,tlg0012.tlg002,urn:cts:greekLit:tlg0012.tlg002.,hypotactic
w-odyssey2-tlg0012-tlg002,odyssey2,tlg0012.tlg002,urn:cts:greekLit:tlg0012.tlg002.,hypotactic
w-odyssey20-tlg0012-tlg002,odyssey20,tlg0012.tlg002,urn:cts:greekLit:tlg0012.tlg002.,hypotactic
w-odyssey21-tlg0012-tlg002,odyssey21,tlg0012.tlg002,urn:cts:greekLit:tlg0012.tlg002.,hypotactic
w-odyssey22-tlg0012-tlg002,odyssey22,tlg0012.tlg002,urn:cts:greekLit:tlg0012.tlg002.,hypotactic
w-odyssey23-tlg0012-tlg002,odyssey23,tlg0012.tlg002,urn:cts:greekLit:tlg0012.tlg002.,hypotactic
w-odyssey24-tlg0012-tlg002,odyssey24,tlg0012.tlg002,urn:cts:greekLit:tlg0012.tlg002.,hypotactic
w-odyssey3-tlg0012-tlg002,odyssey3,tlg0012.tlg002,urn:cts:greekLit:tlg0012.tlg002.,hypotactic
w-odyssey4-tlg0012-tlg002,odyssey4,tlg0012.tlg002,urn:cts:greekLit:tlg0012.tlg002.,hypotactic
w-odyssey5-tlg0012-tlg002,odyssey5,tlg0012.tlg002,urn:cts:greekLit:tlg0012.tlg002.,hypotactic
w-odyssey6-tlg0012-tlg002,odyssey6,tlg0012.tlg002,urn:cts:greekLit:tlg0012.tlg002.,hypotactic
w-odyssey7-tlg0012-tlg002,odyssey7,tlg0012.tlg002,urn:cts:greekLit:tlg0012.tlg002.,hypotactic
w-odyssey8-tlg0012-tlg002,odyssey8,tlg0012.tlg002,urn:cts:greekLit:tlg0012.tlg002.,hypotactic
w-odyssey9-tlg0012-tlg002,odyssey9,tlg0012.tlg002,urn:cts:greekLit:tlg0012.tlg002.,hypotactic
w-olympians-tlg0033-tlg001,olympians,tlg0033.tlg001,urn:cts:greekLit:tlg0033.tlg001.,hypotactic
w-opcyn-tlg0024-tlg001,opcyn,tlg0024.tlg001,urn:cts:greekLit:tlg0024.tlg001.,hypotactic
w-ophal-tlg0023-tlg001,ophal,tlg0023.tlg001,urn:cts:greekLit:tlg0023.tlg001.,hypotactic
w-persians-tlg0085-tlg002,persians,tlg0085.tlg002,urn:cts:greekLit:tlg0085.tlg002.,hypotactic
w-prometheus-tlg0085-tlg003,prometheus,tlg0085.tlg003,urn:cts:greekLit:tlg0085.tlg003.,hypotactic
w-pythians-tlg0033-tlg002,pythians,tlg0033.tlg002,urn:cts:greekLit:tlg0033.tlg002.,hypotactic
w-scutum-tlg0020-tlg003,scutum,tlg0020.tlg003,urn:cts:greekLit:tlg0020.tlg003.,hypotactic
w-seven-tlg0085-tlg004,seven,tlg0085.tlg004,urn:cts:greekLit:tlg0085.tlg004.,hypotactic
w-theoc1-tlg0005-tlg001,theoc1,tlg0005.tlg001,urn:cts:greekLit:tlg0005.tlg001.,hypotactic
w-theoc2-tlg0005-tlg001,theoc2,tlg0005.tlg001,urn:cts:greekLit:tlg0005.tlg001.,hypotactic
w-theoc3-tlg0005-tlg001,theoc3,tlg0005.tlg001,urn:cts:greekLit:tlg0005.tlg001.,hypotactic
w-theoc4-tlg0005-tlg001,theoc4,tlg0005.tlg001,urn:cts:greekLit:tlg0005.tlg001.,hypotactic
w-theogony-tlg0020-tlg001,theogony,tlg0020.tlg001,urn:cts:greekLit:tlg0020.tlg001.,hypotactic
w-worksanddays-tlg0020-tlg002,worksanddays,tlg0020.tlg002,urn:cts:greekLit:tlg0020.tlg002.,hypotactic
