ID,Language_ID,Form,Relation,Etymon_Language,Etymon,Etymon_Translit,Source
osc-eius,lat,-eius,derived,osc,,,wiktionary-oscan
osc-Abella,lat,Abella,borrowed,osc,,,wiktionary-oscan
osc-Arpinum,lat,Arpinum,derived,osc,,,wiktionary-oscan
osc-Arrius,lat,Arrius,borrowed,osc,*𐌀𐌓𐌓𐌉𐌄𐌔,*Arries,wiktionary-oscan
osc-Atella,lat,Atella,derived,osc,𐌀𐌃𐌄𐌓𐌋,,wiktionary-oscan
osc-Calavius,lat,Calavius,borrowed,osc,𐌊𐌀𐌋𐌀𐌅𐌉𐌉𐌔,,wiktionary-oscan
osc-Casinum,lat,Casinum,derived,osc,,,wiktionary-oscan
osc-Flusor,lat,Flusor,borrowed,osc,𐌅𐌋𐌖𐌖𐌔𐌀,,wiktionary-oscan
osc-Gavius,lat,Gavius,derived,osc,,,wiktionary-oscan
osc-Herennius,lat,Herennius,derived,osc,,,wiktionary-oscan
osc-Hirpini,lat,Hirpini,derived,osc,,,wiktionary-oscan
osc-Italia,lat,Italia,derived,osc,𐌅𐌝𐌕𐌄𐌋𐌉𐌞,,wiktionary-oscan
osc-Larinum,lat,Larinum,borrowed,osc,,,wiktionary-oscan
osc-Lucania,lat,Lucania,derived,osc,,,wiktionary-oscan
osc-Mamurra,lat,Mamurra,derived,osc,,,wiktionary-oscan
osc-Marius,lat,Marius,derived,osc,,,wiktionary-oscan
osc-Monnius,lat,Monnius,derived,osc,,,wiktionary-oscan
osc-Mons-Casinus,lat,Mons Casinus,borrowed,osc,,,wiktionary-oscan
osc-Nola,lat,Nola,derived,osc,𐌍𐌞𐌅𐌋𐌞,,wiktionary-oscan
osc-Pescennius,lat,Pescennius,derived,osc,,,wiktionary-oscan
osc-Pompeii,lat,Pompeii,borrowed,osc,*pompe,,wiktionary-oscan
osc-Pompeius,lat,Pompeius,borrowed,osc,,,wiktionary-oscan
osc-Pompeji,lat,Pompeji,borrowed,osc,*pompe,,wiktionary-oscan
osc-Pomponius,lat,Pomponius,derived,osc,*pompe,,wiktionary-oscan
osc-Pontius,lat,Pontius,derived,osc,𐌐𐌏𐌍𐌕𐌖𐌔,,wiktionary-oscan
osc-Salernum,lat,Salernum,derived,osc,,,wiktionary-oscan
osc-Salvius,lat,Salvius,borrowed,osc,𐌔𐌀𐌋𐌀𐌅𐌉𐌉𐌔,,wiktionary-oscan
osc-Statius,lat,Statius,borrowed,osc,𐌔𐌕𐌀𐌀𐌕𐌉𐌔,,wiktionary-oscan
osc-Taburnus,lat,Taburnus,borrowed,osc,,,wiktionary-oscan
osc-Tifernus,lat,Tifernus,borrowed,osc,,,wiktionary-oscan
osc-Vesuvius,lat,Vesuvius,derived,osc,𐌚𐌄𐌔𐌚,,wiktionary-oscan
osc-Vibius,lat,Vibius,borrowed,osc,𐌅𐌉𐌁𐌉𐌔,,wiktionary-oscan
osc-bassus,lat,bassus,borrowed,osc,,,wiktionary-oscan
osc-brutus,lat,brutus,borrowed,osc,,,wiktionary-oscan
osc-bufo,lat,bufo,derived,osc,,,wiktionary-oscan
osc-caria,lat,caria,borrowed,osc,,,wiktionary-oscan
osc-heries,lat,heries,borrowed,osc,heriam,,wiktionary-oscan
osc-lumbus,lat,lumbus,derived,osc,,,wiktionary-oscan
osc-mamphur,lat,mamphur,derived,osc,,,wiktionary-oscan
osc-mephitis,lat,mephitis,derived,osc,𐌌𐌄𐌚𐌉𐌞,,wiktionary-oscan
osc-pila,lat,pila,derived,osc,,,wiktionary-oscan
osc-prope,lat,prope,borrowed,osc,,,wiktionary-oscan
osc-rosa,lat,rosa,derived,osc,,,wiktionary-oscan
osc-rufus,lat,rufus,borrowed,osc,𐌓𐌖𐌚𐌓𐌉𐌉𐌔,,wiktionary-oscan
osc-salaputium,lat,salaputium,borrowed,osc,,,wiktionary-oscan
osc-supparum,lat,supparum,derived,osc,,,wiktionary-oscan
osc-tofus,lat,tofus,borrowed,osc,,,wiktionary-oscan
osc-volaemum,lat,volaemum,borrowed,osc,,,wiktionary-oscan
xum-Alfius,lat,Alfius,derived,xum,,,wiktionary-umbrian
xum-Iguvium,lat,Iguvium,borrowed,xum,𐌉𐌊𐌖𐌅𐌉𐌖𐌌,,wiktionary-umbrian
xum-Propertius,lat,Propertius,derived,xum,,,wiktionary-umbrian
xum-Vibius,lat,Vibius,borrowed,xum,,,wiktionary-umbrian
xum-gumia,lat,gumia,borrowed,xum,𐌊𐌖𐌌𐌉𐌀𐌚,,wiktionary-umbrian
xum-iuniperus,lat,iuniperus,derived,xum,,,wiktionary-umbrian
xum-lumbus,lat,lumbus,derived,xum,,,wiktionary-umbrian
xum-monedula,lat,monedula,derived,xum,,,wiktionary-umbrian
xum-omentum,lat,omentum,borrowed,xum,𐌖𐌌𐌄𐌍,,wiktionary-umbrian
xum-robus,lat,robus,borrowed,xum,,,wiktionary-umbrian
xum-rufus,lat,rufus,borrowed,xum,𐌓𐌖𐌚𐌓𐌖,,wiktionary-umbrian
sbv-Claudius,lat,Claudius,derived,sbv,,,wiktionary-sabine
sbv-Crepuscus,lat,Crepuscus,borrowed,sbv,,,wiktionary-sabine
sbv-Cures,lat,Cures,derived,sbv,,,wiktionary-sabine
sbv-Gavius,lat,Gavius,derived,sbv,,,wiktionary-sabine
sbv-Lista,lat,Lista,derived,sbv,,,wiktionary-sabine
sbv-Marius,lat,Marius,derived,sbv,,,wiktionary-sabine
sbv-Nero,lat,Nero,borrowed,sbv,nero,,wiktionary-sabine
sbv-Paeligni,lat,Paeligni,derived,sbv,,,wiktionary-sabine
sbv-Pontius,lat,Pontius,derived,sbv,,,wiktionary-sabine
sbv-Quirinus,lat,Quirinus,derived,sbv,,,wiktionary-sabine
sbv-Quirites,lat,Quirites,borrowed,sbv,,,wiktionary-sabine
sbv-Terentius,lat,Terentius,borrowed,sbv,,,wiktionary-sabine
sbv-Tibur,lat,Tibur,borrowed,sbv,teba,,wiktionary-sabine
sbv-Volesus,lat,Volesus,borrowed,sbv,,,wiktionary-sabine
sbv-catanum,lat,catanum,borrowed,sbv,,,wiktionary-sabine
sbv-creperum,lat,creperum,borrowed,sbv,,,wiktionary-sabine
sbv-crepusculum,lat,crepusculum,derived,sbv,,,wiktionary-sabine
sbv-hirpex,lat,hirpex,derived,sbv,,,wiktionary-sabine
sbv-hirpus,lat,hirpus,borrowed,sbv,,,wiktionary-sabine
sbv-iuniperus,lat,iuniperus,borrowed,sbv,,,wiktionary-sabine
sbv-obsidianus,lat,obsidianus,derived,sbv,,,wiktionary-sabine
sbv-quiris,lat,quiris,derived,sbv,,,wiktionary-sabine
sbv-similixula,lat,similixula,borrowed,sbv,,,wiktionary-sabine
sbv-spurium,lat,spurium,borrowed,sbv,,,wiktionary-sabine
sbv-strena,lat,strena,borrowed,sbv,,,wiktionary-sabine
sbv-teba,lat,teba,derived,sbv,,,wiktionary-sabine
