ID,Form,Reason,Source
self-listing-U-3CFD,㳽,self-listing,unihan
self-listing-U-4E07,万,self-listing,unihan
self-listing-U-4E11,丑,self-listing,unihan
self-listing-U-4E22,丢,self-listing,unihan
self-listing-U-4E24,两,self-listing,unihan
self-listing-U-4E2A,个,self-listing,unihan
self-listing-U-4E30,丰,self-listing,unihan
self-listing-U-4E48,么,self-listing,unihan
self-listing-U-4E49,义,self-listing,unihan
self-listing-U-4E50,乐,self-listing,unihan
self-listing-U-4E54,乔,self-listing,unihan
self-listing-U-4E71,乱,self-listing,unihan
self-listing-U-4E86,了,self-listing,unihan
self-listing-U-4E89,争,self-listing,unihan
self-listing-U-4E8E,于,self-listing,unihan
self-listing-U-4E8F,亏,self-listing,unihan
self-listing-U-4E91,云,self-listing,unihan
self-listing-U-4EC5,仅,self-listing,unihan
self-listing-U-4EC6,仆,self-listing,unihan
self-listing-U-4ECE,从,self-listing,unihan
self-listing-U-4EEA,仪,self-listing,unihan
self-listing-U-4EF7,价,self-listing,unihan
self-listing-U-4F17,众,self-listing,unihan
self-listing-U-4F18,优,self-listing,unihan
self-listing-U-4F19,伙,self-listing,unihan
self-listing-U-4F1A,会,self-listing,unihan
self-listing-U-4F24,伤,self-listing,unihan
self-listing-U-4F53,体,self-listing,unihan
self-listing-U-4F59,余,self-listing,unihan
self-listing-U-4F63,佣,self-listing,unihan
self-listing-U-4FA0,侠,self-listing,unihan
self-listing-U-4FA9,侩,self-listing,unihan
self-listing-U-4FE6,俦,self-listing,unihan
self-listing-U-501F,借,self-listing,unihan
self-listing-U-506C,偬,self-listing,unihan
self-listing-U-507B,偻,self-listing,unihan
self-listing-U-513F,儿,self-listing,unihan
self-listing-U-514B,克,self-listing,unihan
self-listing-U-5151,兑,self-listing,unihan
self-listing-U-515A,党,self-listing,unihan
self-listing-U-5185,内,self-listing,unihan
self-listing-U-518C,册,self-listing,unihan
self-listing-U-51AC,冬,self-listing,unihan
self-listing-U-51B2,冲,self-listing,unihan
self-listing-U-51B5,况,self-listing,unihan
self-listing-U-51C6,准,self-listing,unihan
self-listing-U-51C9,凉,self-listing,unihan
self-listing-U-51CF,减,self-listing,unihan
self-listing-U-51D1,凑,self-listing,unihan
self-listing-U-51E0,几,self-listing,unihan
self-listing-U-51E4,凤,self-listing,unihan
self-listing-U-51ED,凭,self-listing,unihan
self-listing-U-51FA,出,self-listing,unihan
self-listing-U-5212,划,self-listing,unihan
self-listing-U-5218,刘,self-listing,unihan
self-listing-U-5220,删,self-listing,unihan
self-listing-U-522B,别,self-listing,unihan
self-listing-U-522E,刮,self-listing,unihan
self-listing-U-5236,制,self-listing,unihan
self-listing-U-5239,刹,self-listing,unihan
self-listing-U-523E,刾,self-listing,unihan
self-listing-U-5267,剧,self-listing,unihan
self-listing-U-529D,劝,self-listing,unihan
self-listing-U-529E,办,self-listing,unihan
self-listing-U-52A8,动,self-listing,unihan
self-listing-U-52B1,励,self-listing,unihan
self-listing-U-52B3,劳,self-listing,unihan
self-listing-U-52BF,势,self-listing,unihan
self-listing-U-5300,匀,self-listing,unihan
self-listing-U-533A,区,self-listing,unihan
self-listing-U-533B,医,self-listing,unihan
self-listing-U-5343,千,self-listing,unihan
self-listing-U-5355,单,self-listing,unihan
self-listing-U-535C,卜,self-listing,unihan
self-listing-U-5374,却,self-listing,unihan
self-listing-U-5377,卷,self-listing,unihan
self-listing-U-5382,厂,self-listing,unihan
self-listing-U-5386,历,self-listing,unihan
self-listing-U-5389,厉,self-listing,unihan
self-listing-U-538B,压,self-listing,unihan
self-listing-U-5398,厘,self-listing,unihan
self-listing-U-53A6,厦,self-listing,unihan
self-listing-U-53A8,厨,self-listing,unihan
self-listing-U-53A9,厩,self-listing,unihan
self-listing-U-53AE,厮,self-listing,unihan
self-listing-U-53C2,参,self-listing,unihan
self-listing-U-53CC,双,self-listing,unihan
self-listing-U-53D9,叙,self-listing,unihan
self-listing-U-53E0,叠,self-listing,unihan
self-listing-U-53EA,只,self-listing,unihan
self-listing-U-53F0,台,self-listing,unihan
self-listing-U-53F6,叶,self-listing,unihan
self-listing-U-53F7,号,self-listing,unihan
self-listing-U-5401,吁,self-listing,unihan
self-listing-U-5408,合,self-listing,unihan
self-listing-U-540C,同,self-listing,unihan
self-listing-U-540E,后,self-listing,unihan
self-listing-U-5411,向,self-listing,unihan
self-listing-U-5413,吓,self-listing,unihan
self-listing-U-542C,听,self-listing,unihan
self-listing-U-548F,咏,self-listing,unihan
self-listing-U-54A4,咤,self-listing,unihan
self-listing-U-54B8,咸,self-listing,unihan
self-listing-U-54CD,响,self-listing,unihan
self-listing-U-5570,啰,self-listing,unihan
self-listing-U-55BD,喽,self-listing,unihan
self-listing-U-5631,嘱,self-listing,unihan
self-listing-U-56DE,回,self-listing,unihan
self-listing-U-56ED,园,self-listing,unihan
self-listing-U-56F0,困,self-listing,unihan
self-listing-U-56FE,图,self-listing,unihan
self-listing-U-5742,坂,self-listing,unihan
self-listing-U-574F,坏,self-listing,unihan
self-listing-U-5757,块,self-listing,unihan
self-listing-U-575B,坛,self-listing,unihan
self-listing-U-5815,堕,self-listing,unihan
self-listing-U-58EE,壮,self-listing,unihan
self-listing-U-58F0,声,self-listing,unihan
self-listing-U-58F3,壳,self-listing,unihan
self-listing-U-590D,复,self-listing,unihan
self-listing-U-591F,够,self-listing,unihan
self-listing-U-5934,头,self-listing,unihan
self-listing-U-5938,夸,self-listing,unihan
self-listing-U-5978,奸,self-listing,unihan
self-listing-U-59D7,姗,self-listing,unihan
self-listing-U-59DC,姜,self-listing,unihan
self-listing-U-59F9,姹,self-listing,unihan
self-listing-U-5A04,娄,self-listing,unihan
self-listing-U-5A07,娇,self-listing,unihan
self-listing-U-5A08,娈,self-listing,unihan
self-listing-U-5B59,孙,self-listing,unihan
self-listing-U-5B6A,孪,self-listing,unihan
self-listing-U-5B81,宁,self-listing,unihan
self-listing-U-5B9D,宝,self-listing,unihan
self-listing-U-5B9E,实,self-listing,unihan
self-listing-U-5BB6,家,self-listing,unihan
self-listing-U-5BBE,宾,self-listing,unihan
self-listing-U-5BF9,对,self-listing,unihan
self-listing-U-5BFF,寿,self-listing,unihan
self-listing-U-5C14,尔,self-listing,unihan
self-listing-U-5C1D,尝,self-listing,unihan
self-listing-U-5C38,尸,self-listing,unihan
self-listing-U-5C3D,尽,self-listing,unihan
self-listing-U-5C4A,届,self-listing,unihan
self-listing-U-5C5E,属,self-listing,unihan
self-listing-U-5C61,屡,self-listing,unihan
self-listing-U-5C81,岁,self-listing,unihan
self-listing-U-5CE6,峦,self-listing,unihan
self-listing-U-5E08,师,self-listing,unihan
self-listing-U-5E18,帘,self-listing,unihan
self-listing-U-5E2E,帮,self-listing,unihan
self-listing-U-5E42,幂,self-listing,unihan
self-listing-U-5E72,干,self-listing,unihan
self-listing-U-5E76,并,self-listing,unihan
self-listing-U-5E7F,广,self-listing,unihan
self-listing-U-5E84,庄,self-listing,unihan
self-listing-U-5E90,庐,self-listing,unihan
self-listing-U-5E94,应,self-listing,unihan
self-listing-U-5E99,庙,self-listing,unihan
self-listing-U-5F00,开,self-listing,unihan
self-listing-U-5F03,弃,self-listing,unihan
self-listing-U-5F2F,弯,self-listing,unihan
self-listing-U-5F39,弹,self-listing,unihan
self-listing-U-5F3A,强,self-listing,unihan
self-listing-U-5F52,归,self-listing,unihan
self-listing-U-5F53,当,self-listing,unihan
self-listing-U-5F66,彦,self-listing,unihan
self-listing-U-5F81,征,self-listing,unihan
self-listing-U-5FA1,御,self-listing,unihan
self-listing-U-5FD7,志,self-listing,unihan
self-listing-U-6000,怀,self-listing,unihan
self-listing-U-601C,怜,self-listing,unihan
self-listing-U-604B,恋,self-listing,unihan
self-listing-U-607C,恼,self-listing,unihan
self-listing-U-60E7,惧,self-listing,unihan
self-listing-U-60E9,惩,self-listing,unihan
self-listing-U-6120,愠,self-listing,unihan
self-listing-U-613F,愿,self-listing,unihan
self-listing-U-620F,戏,self-listing,unihan
self-listing-U-6218,战,self-listing,unihan
self-listing-U-624D,才,self-listing,unihan
self-listing-U-6251,扑,self-listing,unihan
self-listing-U-6267,执,self-listing,unihan
self-listing-U-6298,折,self-listing,unihan
self-listing-U-629B,抛,self-listing,unihan
self-listing-U-62A5,报,self-listing,unihan
self-listing-U-62C5,担,self-listing,unihan
self-listing-U-6302,挂,self-listing,unihan
self-listing-U-631B,挛,self-listing,unihan
self-listing-U-631F,挟,self-listing,unihan
self-listing-U-6321,挡,self-listing,unihan
self-listing-U-633D,挽,self-listing,unihan
self-listing-U-636E,据,self-listing,unihan
self-listing-U-63B7,掷,self-listing,unihan
self-listing-U-63FE,揾,self-listing,unihan
self-listing-U-643A,携,self-listing,unihan
self-listing-U-6446,摆,self-listing,unihan
self-listing-U-6448,摈,self-listing,unihan
self-listing-U-644A,摊,self-listing,unihan
self-listing-U-6491,撑,self-listing,unihan
self-listing-U-6570,数,self-listing,unihan
self-listing-U-658B,斋,self-listing,unihan
self-listing-U-6597,斗,self-listing,unihan
self-listing-U-65AD,断,self-listing,unihan
self-listing-U-65CB,旋,self-listing,unihan
self-listing-U-65E0,无,self-listing,unihan
self-listing-U-65F6,时,self-listing,unihan
self-listing-U-65F7,旷,self-listing,unihan
self-listing-U-663C,昼,self-listing,unihan
self-listing-U-664B,晋,self-listing,unihan
self-listing-U-6652,晒,self-listing,unihan
self-listing-U-66F2,曲,self-listing,unihan
self-listing-U-672F,术,self-listing,unihan
self-listing-U-6731,朱,self-listing,unihan
self-listing-U-6734,朴,self-listing,unihan
self-listing-U-673A,机,self-listing,unihan
self-listing-U-6743,权,self-listing,unihan
self-listing-U-6746,杆,self-listing,unihan
self-listing-U-6770,杰,self-listing,unihan
self-listing-U-677E,松,self-listing,unihan
self-listing-U-677F,板,self-listing,unihan
self-listing-U-6781,极,self-listing,unihan
self-listing-U-6784,构,self-listing,unihan
self-listing-U-67DC,柜,self-listing,unihan
self-listing-U-6800,栀,self-listing,unihan
self-listing-U-6805,栅,self-listing,unihan
self-listing-U-6807,标,self-listing,unihan
self-listing-U-6816,栖,self-listing,unihan
self-listing-U-6817,栗,self-listing,unihan
self-listing-U-683E,栾,self-listing,unihan
self-listing-U-68A6,梦,self-listing,unihan
self-listing-U-697C,楼,self-listing,unihan
self-listing-U-6B22,欢,self-listing,unihan
self-listing-U-6B24,欤,self-listing,unihan
self-listing-U-6BA1,殡,self-listing,unihan
self-listing-U-6BE1,毡,self-listing,unihan
self-listing-U-6C14,气,self-listing,unihan
self-listing-U-6C79,汹,self-listing,unihan
self-listing-U-6C84,沄,self-listing,unihan
self-listing-U-6C88,沈,self-listing,unihan
self-listing-U-6CA1,没,self-listing,unihan
self-listing-U-6CAA,沪,self-listing,unihan
self-listing-U-6CE8,注,self-listing,unihan
self-listing-U-6CEA,泪,self-listing,unihan
self-listing-U-6D12,洒,self-listing,unihan
self-listing-U-6D3C,洼,self-listing,unihan
self-listing-U-6D45,浅,self-listing,unihan
self-listing-U-6D82,涂,self-listing,unihan
self-listing-U-6D9B,涛,self-listing,unihan
self-listing-U-6DC0,淀,self-listing,unihan
self-listing-U-6E0A,渊,self-listing,unihan
self-listing-U-6E29,温,self-listing,unihan
self-listing-U-6E7E,湾,self-listing,unihan
self-listing-U-6EDA,滚,self-listing,unihan
self-listing-U-6EE6,滦,self-listing,unihan
self-listing-U-6EE8,滨,self-listing,unihan
self-listing-U-6EE9,滩,self-listing,unihan
self-listing-U-6F13,漓,self-listing,unihan
self-listing-U-706F,灯,self-listing,unihan
self-listing-U-7076,灶,self-listing,unihan
self-listing-U-707E,灾,self-listing,unihan
self-listing-U-7089,炉,self-listing,unihan
self-listing-U-70B9,点,self-listing,unihan
self-listing-U-70DB,烛,self-listing,unihan
self-listing-U-70DF,烟,self-listing,unihan
self-listing-U-70E9,烩,self-listing,unihan
self-listing-U-70EC,烬,self-listing,unihan
self-listing-U-70ED,热,self-listing,unihan
self-listing-U-72B9,犹,self-listing,unihan
self-listing-U-72EC,独,self-listing,unihan
self-listing-U-72EF,狯,self-listing,unihan
self-listing-U-7315,猕,self-listing,unihan
self-listing-U-732A,猪,self-listing,unihan
self-listing-U-732B,猫,self-listing,unihan
self-listing-U-732C,猬,self-listing,unihan
self-listing-U-732E,献,self-listing,unihan
self-listing-U-73AF,环,self-listing,unihan
self-listing-U-73D0,珐,self-listing,unihan
self-listing-U-743C,琼,self-listing,unihan
self-listing-U-7535,电,self-listing,unihan
self-listing-U-753B,画,self-listing,unihan
self-listing-U-75B1,疱,self-listing,unihan
self-listing-U-75B4,疴,self-listing,unihan
self-listing-U-75C7,症,self-listing,unihan
self-listing-U-75D2,痒,self-listing,unihan
self-listing-U-7618,瘘,self-listing,unihan
self-listing-U-76B1,皱,self-listing,unihan
self-listing-U-76D6,盖,self-listing,unihan
self-listing-U-7726,眦,self-listing,unihan
self-listing-U-7740,着,self-listing,unihan
self-listing-U-77EB,矫,self-listing,unihan
self-listing-U-786E,确,self-listing,unihan
self-listing-U-788D,碍,self-listing,unihan
self-listing-U-793C,礼,self-listing,unihan
self-listing-U-7962,祢,self-listing,unihan
self-listing-U-7977,祷,self-listing,unihan
self-listing-U-7980,禀,self-listing,unihan
self-listing-U-79C3,秃,self-listing,unihan
self-listing-U-79C6,秆,self-listing,unihan
self-listing-U-79CB,秋,self-listing,unihan
self-listing-U-79CD,种,self-listing,unihan
self-listing-U-79F0,称,self-listing,unihan
self-listing-U-7A33,稳,self-listing,unihan
self-listing-U-7A77,穷,self-listing,unihan
self-listing-U-7A83,窃,self-listing,unihan
self-listing-U-7B0B,笋,self-listing,unihan
self-listing-U-7B14,笔,self-listing,unihan
self-listing-U-7B51,筑,self-listing,unihan
self-listing-U-7BA9,箩,self-listing,unihan
self-listing-U-7BD3,篓,self-listing,unihan
self-listing-U-7BF1,篱,self-listing,unihan
self-listing-U-7C74,籴,self-listing,unihan
self-listing-U-7C9C,粜,self-listing,unihan
self-listing-U-7CAE,粮,self-listing,unihan
self-listing-U-7CC7,糇,self-listing,unihan
self-listing-U-7CFB,系,self-listing,unihan
self-listing-U-7D2F,累,self-listing,unihan
self-listing-U-7F51,网,self-listing,unihan
self-listing-U-7F57,罗,self-listing,unihan
self-listing-U-7F62,罢,self-listing,unihan
self-listing-U-803B,耻,self-listing,unihan
self-listing-U-804C,职,self-listing,unihan
self-listing-U-8054,联,self-listing,unihan
self-listing-U-80AE,肮,self-listing,unihan
self-listing-U-80B4,肴,self-listing,unihan
self-listing-U-80C6,胆,self-listing,unihan
self-listing-U-80DC,胜,self-listing,unihan
self-listing-U-80E1,胡,self-listing,unihan
self-listing-U-8109,脉,self-listing,unihan
self-listing-U-810D,脍,self-listing,unihan
self-listing-U-8114,脔,self-listing,unihan
self-listing-U-811A,脚,self-listing,unihan
self-listing-U-814A,腊,self-listing,unihan
self-listing-U-816D,腭,self-listing,unihan
self-listing-U-8191,膑,self-listing,unihan
self-listing-U-81F4,致,self-listing,unihan
self-listing-U-820D,舍,self-listing,unihan
self-listing-U-8273,艳,self-listing,unihan
self-listing-U-82A6,芦,self-listing,unihan
self-listing-U-82B8,芸,self-listing,unihan
self-listing-U-82CF,苏,self-listing,unihan
self-listing-U-82F9,苹,self-listing,unihan
self-listing-U-8303,范,self-listing,unihan
self-listing-U-8346,荆,self-listing,unihan
self-listing-U-8350,荐,self-listing,unihan
self-listing-U-8363,荣,self-listing,unihan
self-listing-U-8385,莅,self-listing,unihan
self-listing-U-841D,萝,self-listing,unihan
self-listing-U-8471,葱,self-listing,unihan
self-listing-U-8499,蒙,self-listing,unihan
self-listing-U-8502,蔂,self-listing,unihan
self-listing-U-8511,蔑,self-listing,unihan
self-listing-U-8616,蘖,self-listing,unihan
self-listing-U-866B,虫,self-listing,unihan
self-listing-U-866C,虬,self-listing,unihan
self-listing-U-867E,虾,self-listing,unihan
self-listing-U-8681,蚁,self-listing,unihan
self-listing-U-8695,蚕,self-listing,unihan
self-listing-U-86EE,蛮,self-listing,unihan
self-listing-U-86F0,蛰,self-listing,unihan
self-listing-U-8721,蜡,self-listing,unihan
self-listing-U-877C,蝼,self-listing,unihan
self-listing-U-8845,衅,self-listing,unihan
self-listing-U-8865,补,self-listing,unihan
self-listing-U-8868,表,self-listing,unihan
self-listing-U-886E,衮,self-listing,unihan
self-listing-U-8884,袄,self-listing,unihan
self-listing-U-889C,袜,self-listing,unihan
self-listing-U-8A89,誉,self-listing,unihan
self-listing-U-8C37,谷,self-listing,unihan
self-listing-U-8D76,赶,self-listing,unihan
self-listing-U-8D8B,趋,self-listing,unihan
self-listing-U-8E0A,踊,self-listing,unihan
self-listing-U-8E2A,踪,self-listing,unihan
self-listing-U-8E70,蹰,self-listing,unihan
self-listing-U-8EAF,躯,self-listing,unihan
self-listing-U-8F9E,辞,self-listing,unihan
self-listing-U-8F9F,辟,self-listing,unihan
self-listing-U-8FB9,边,self-listing,unihan
self-listing-U-8FC1,迁,self-listing,unihan
self-listing-U-8FC7,过,self-listing,unihan
self-listing-U-8FD8,还,self-listing,unihan
self-listing-U-8FD9,这,self-listing,unihan
self-listing-U-8FDC,远,self-listing,unihan
self-listing-U-8FE9,迩,self-listing,unihan
self-listing-U-8FF9,迹,self-listing,unihan
self-listing-U-9002,适,self-listing,unihan
self-listing-U-9009,选,self-listing,unihan
self-listing-U-900A,逊,self-listing,unihan
self-listing-U-9012,递,self-listing,unihan
self-listing-U-903B,逻,self-listing,unihan
self-listing-U-90C1,郁,self-listing,unihan
self-listing-U-90D1,郑,self-listing,unihan
self-listing-U-91C7,采,self-listing,unihan
self-listing-U-91CC,里,self-listing,unihan
self-listing-U-92AE,銮,self-listing,unihan
self-listing-U-9645,际,self-listing,unihan
self-listing-U-968F,随,self-listing,unihan
self-listing-U-9690,隐,self-listing,unihan
self-listing-U-96B6,隶,self-listing,unihan
self-listing-U-96BD,隽,self-listing,unihan
self-listing-U-96BE,难,self-listing,unihan
self-listing-U-9709,霉,self-listing,unihan
self-listing-U-9721,霡,self-listing,unihan
self-listing-U-9759,静,self-listing,unihan
self-listing-U-9762,面,self-listing,unihan
self-listing-U-97F5,韵,self-listing,unihan
self-listing-U-98CE,风,self-listing,unihan
self-listing-U-9EA6,麦,self-listing,unihan
self-listing-U-9EC4,黄,self-listing,unihan
self-listing-U-9EFE,黾,self-listing,unihan
self-listing-U-9F17,鼗,self-listing,unihan
self-listing-U-9F39,鼹,self-listing,unihan
self-listing-U-9F9F,龟,self-listing,unihan
multi-traditional-U-4D18,䴘,multi-traditional,unihan
multi-traditional-U-4E3A,为,multi-traditional,unihan
multi-traditional-U-4EA7,产,multi-traditional,unihan
multi-traditional-U-4F2A,伪,multi-traditional,unihan
multi-traditional-U-51EB,凫,multi-traditional,unihan
multi-traditional-U-5364,卤,multi-traditional,unihan
multi-traditional-U-5395,厕,multi-traditional,unihan
multi-traditional-U-53D1,发,multi-traditional,unihan
multi-traditional-U-542F,启,multi-traditional,unihan
multi-traditional-U-56E2,团,multi-traditional,unihan
multi-traditional-U-575D,坝,multi-traditional,unihan
multi-traditional-U-5899,墙,multi-traditional,unihan
multi-traditional-U-5F25,弥,multi-traditional,unihan
multi-traditional-U-5F55,录,multi-traditional,unihan
multi-traditional-U-6076,恶,multi-traditional,unihan
multi-traditional-U-60AB,悫,multi-traditional,unihan
multi-traditional-U-6C47,汇,multi-traditional,unihan
multi-traditional-U-7877,硷,multi-traditional,unihan
multi-traditional-U-7AD6,竖,multi-traditional,unihan
multi-traditional-U-7B7E,签,multi-traditional,unihan
multi-traditional-U-7EA4,纤,multi-traditional,unihan
multi-traditional-U-7EBF,线,multi-traditional,unihan
multi-traditional-U-7EE3,绣,multi-traditional,unihan
multi-traditional-U-7EE6,绦,multi-traditional,unihan
multi-traditional-U-7EF1,绱,multi-traditional,unihan
multi-traditional-U-7EF7,绷,multi-traditional,unihan
multi-traditional-U-7EFF,绿,multi-traditional,unihan
multi-traditional-U-7F0A,缊,multi-traditional,unihan
multi-traditional-U-7F30,缰,multi-traditional,unihan
multi-traditional-U-810F,脏,multi-traditional,unihan
multi-traditional-U-8361,荡,multi-traditional,unihan
multi-traditional-U-836F,药,multi-traditional,unihan
multi-traditional-U-83B7,获,multi-traditional,unihan
multi-traditional-U-83BC,莼,multi-traditional,unihan
multi-traditional-U-8574,蕴,multi-traditional,unihan
multi-traditional-U-8C2B,谫,multi-traditional,unihan
multi-traditional-U-8D43,赃,multi-traditional,unihan
multi-traditional-U-8D4D,赍,multi-traditional,unihan
multi-traditional-U-8D5D,赝,multi-traditional,unihan
multi-traditional-U-8F92,辒,multi-traditional,unihan
multi-traditional-U-915D,酝,multi-traditional,unihan
multi-traditional-U-949F,钟,multi-traditional,unihan
multi-traditional-U-94A9,钩,multi-traditional,unihan
multi-traditional-U-94B5,钵,multi-traditional,unihan
multi-traditional-U-9508,锈,multi-traditional,unihan
multi-traditional-U-954B,镋,multi-traditional,unihan
multi-traditional-U-954C,镌,multi-traditional,unihan
multi-traditional-U-95F2,闲,multi-traditional,unihan
multi-traditional-U-9605,阅,multi-traditional,unihan
multi-traditional-U-987B,须,multi-traditional,unihan
multi-traditional-U-9893,颓,multi-traditional,unihan
multi-traditional-U-989C,颜,multi-traditional,unihan
multi-traditional-U-9965,饥,multi-traditional,unihan
multi-traditional-U-9A82,骂,multi-traditional,unihan
multi-traditional-U-9C9E,鲞,multi-traditional,unihan
multi-traditional-U-9CC1,鳁,multi-traditional,unihan
multi-traditional-U-9CC4,鳄,multi-traditional,unihan
multi-traditional-U-9E21,鸡,multi-traditional,unihan
multi-traditional-U-9FED,鿭,multi-traditional,unihan
multi-traditional-U-29667,𩙧,multi-traditional,unihan
multi-traditional-U-2ECB8,𮲸,multi-traditional,unihan
multi-traditional-U-2EDF7,𮷷,multi-traditional,unihan
multi-traditional-U-30DED,𰷭,multi-traditional,unihan
