ID,Old_Form,New_Form,Lane,Source
u4e58-u4e57,乘,乗,jinmeiyo,unihan
u4e98-u4e99,亘,亙,jinmeiyo,unihan
u4e9e-u4e9c,亞,亜,jinmeiyo,unihan
u4f5b-u4ecf,佛,仏,jinmeiyo,unihan
u4f86-u6765,來,来,jinmeiyo,unihan
u50b3-u4f1d,傳,伝,jinmeiyo,unihan
u50de-u507d,僞,偽,jinmeiyo,unihan
u50f9-u4fa1,價,価,jinmeiyo,unihan
u5109-u5039,儉,倹,jinmeiyo,unihan
u5152-u5150,兒,児,jinmeiyo,unihan
u51a8-u5bcc,冨,富,jinmeiyo,unihan
u51c9-u6dbc,凉,涼,jinmeiyo,unihan
u51dc-u51db,凜,凛,jinmeiyo,unihan
u5269-u5270,剩,剰,jinmeiyo,unihan
u528d-u5263,劍,剣,jinmeiyo,unihan
u52f3-u52f2,勳,勲,jinmeiyo,unihan
u5377-u5dfb,卷,巻,jinmeiyo,unihan
u537d-u5373,卽,即,jinmeiyo,unihan
u55ae-u5358,單,単,jinmeiyo,unihan
u56b4-u53b3,嚴,厳,jinmeiyo,unihan
u5708-u570f,圈,圏,jinmeiyo,unihan
u570b-u56fd,國,国,jinmeiyo,unihan
u5713-u5186,圓,円,jinmeiyo,unihan
u5718-u56e3,團,団,jinmeiyo,unihan
u57dc-u91ce,埜,野,jinmeiyo,unihan
u589e-u5897,增,増,jinmeiyo,unihan
u58d8-u5841,壘,塁,jinmeiyo,unihan
u58de-u58ca,壞,壊,jinmeiyo,unihan
u58ef-u58ee,壯,壮,jinmeiyo,unihan
u58fd-u5bff,壽,寿,jinmeiyo,unihan
u5967-u5965,奧,奥,jinmeiyo,unihan
u596c-u5968,奬,奨,jinmeiyo,unihan
u5b43-u5b22,孃,嬢,jinmeiyo,unihan
u5be2-u5bdd,寢,寝,jinmeiyo,unihan
u5be6-u5b9f,實,実,jinmeiyo,unihan
u5bec-u5bdb,寬,寛,jinmeiyo,unihan
u5c07-u5c06,將,将,jinmeiyo,unihan
u5c08-u5c02,專,専,jinmeiyo,unihan
u5c2d-u582f,尭,堯,jinmeiyo,unihan
u5cef-u5cf0,峯,峰,jinmeiyo,unihan
u5cfd-u5ce1,峽,峡,jinmeiyo,unihan
u5d8b-u5cf6,嶋,島,jinmeiyo,unihan
u5dcc-u5dd6,巌,巖,jinmeiyo,unihan
u5de2-u5de3,巢,巣,jinmeiyo,unihan
u5e36-u5e2f,帶,帯,jinmeiyo,unihan
u5ee3-u5e83,廣,広,jinmeiyo,unihan
u5ef3-u5e81,廳,庁,jinmeiyo,unihan
u5f48-u5f3e,彈,弾,jinmeiyo,unihan
u5f4c-u5f25,彌,弥,jinmeiyo,unihan
u5f9e-u5f93,從,従,jinmeiyo,unihan
u5fb5-u5fb4,徵,徴,jinmeiyo,unihan
u5fb7-u5fb3,德,徳,jinmeiyo,unihan
u6046-u6052,恆,恒,jinmeiyo,unihan
u60e0-u6075,惠,恵,jinmeiyo,unihan
u60e1-u60aa,惡,悪,jinmeiyo,unihan
u613c-u614e,愼,慎,jinmeiyo,unihan
u61c9-u5fdc,應,応,jinmeiyo,unihan
u61f7-u61d0,懷,懐,jinmeiyo,unihan
u6230-u6226,戰,戦,jinmeiyo,unihan
u6232-u622f,戲,戯,jinmeiyo,unihan
u62c2-u6255,拂,払,jinmeiyo,unihan
u62d4-u629c,拔,抜,jinmeiyo,unihan
u62dc-u62dd,拜,拝,jinmeiyo,unihan
u63ed-u63b2,揭,掲,jinmeiyo,unihan
u6416-u63fa,搖,揺,jinmeiyo,unihan
u641c-u635c,搜,捜,jinmeiyo,unihan
u64ca-u6483,擊,撃,jinmeiyo,unihan
u651d-u6442,攝,摂,jinmeiyo,unihan
u6536-u53ce,收,収,jinmeiyo,unihan
u654d-u53d9,敍,叙,jinmeiyo,unihan
u6643-u6644,晃,晄,jinmeiyo,unihan
u665a-u6669,晚,晩,jinmeiyo,unihan
u665d-u663c,晝,昼,jinmeiyo,unihan
u66c6-u66a6,曆,暦,jinmeiyo,unihan
u66c9-u6681,曉,暁,jinmeiyo,unihan
u66fe-u66fd,曾,曽,jinmeiyo,unihan
u6867-u6a9c,桧,檜,jinmeiyo,unihan
u689d-u6761,條,条,jinmeiyo,unihan
u69ae-u6804,榮,栄,jinmeiyo,unihan
u69d9-u69c7,槙,槇,jinmeiyo,unihan
u6a02-u697d,樂,楽,jinmeiyo,unihan
u6a23-u69d8,樣,様,jinmeiyo,unihan
u6a6b-u6a2a,橫,横,jinmeiyo,unihan
u6aa2-u691c,檢,検,jinmeiyo,unihan
u6afb-u685c,櫻,桜,jinmeiyo,unihan
u6b65-u6b69,步,歩,jinmeiyo,unihan
u6b77-u6b74,歷,歴,jinmeiyo,unihan
u6bcf-u6bce,每,毎,jinmeiyo,unihan
u6c23-u6c17,氣,気,jinmeiyo,unihan
u6d89-u6e09,涉,渉,jinmeiyo,unihan
u6dda-u6d99,淚,涙,jinmeiyo,unihan
u6de8-u6d44,淨,浄,jinmeiyo,unihan
u6e34-u6e07,渴,渇,jinmeiyo,unihan
u6eab-u6e29,溫,温,jinmeiyo,unihan
u6eef-u6ede,滯,滞,jinmeiyo,unihan
u6f81-u6e0b,澁,渋,jinmeiyo,unihan
u6fd5-u6e7f,濕,湿,jinmeiyo,unihan
u7027-u6edd,瀧,滝,jinmeiyo,unihan
u7028-u702c,瀨,瀬,jinmeiyo,unihan
u71c8-u706f,燈,灯,jinmeiyo,unihan
u71d2-u713c,燒,焼,jinmeiyo,unihan
u722d-u4e89,爭,争,jinmeiyo,unihan
u7232-u70ba,爲,為,jinmeiyo,unihan
u72c0-u72b6,狀,状,jinmeiyo,unihan
u72f9-u72ed,狹,狭,jinmeiyo,unihan
u7378-u7363,獸,獣,jinmeiyo,unihan
u758a-u7573,疊,畳,jinmeiyo,unihan
u7626-u75e9,瘦,痩,jinmeiyo,unihan
u76c3-u676f,盃,杯,jinmeiyo,unihan
u76dc-u76d7,盜,盗,jinmeiyo,unihan
u76e1-u5c3d,盡,尽,jinmeiyo,unihan
u771e-u771f,眞,真,jinmeiyo,unihan
u788e-u7815,碎,砕,jinmeiyo,unihan
u7955-u79d8,祕,秘,jinmeiyo,unihan
u7962-u79b0,祢,禰,jinmeiyo,unihan
u7977-u79b1,祷,禱,jinmeiyo,unihan
u7984-u797f,禄,祿,jinmeiyo,unihan
u79aa-u7985,禪,禅,jinmeiyo,unihan
u79ae-u793c,禮,礼,jinmeiyo,unihan
u7a3b-u7a32,稻,稲,jinmeiyo,unihan
u7a57-u7a42,穗,穂,jinmeiyo,unihan
u7a63-u7a70,穣,穰,jinmeiyo,unihan
u7cb9-u7c8b,粹,粋,jinmeiyo,unihan
u7da0-u7dd1,綠,緑,jinmeiyo,unihan
u7dd6-u7dd2,緖,緒,jinmeiyo,unihan
u7de3-u7e01,緣,縁,jinmeiyo,unihan
u7e23-u770c,縣,県,jinmeiyo,unihan
u7e31-u7e26,縱,縦,jinmeiyo,unihan
u7e96-u7e4a,纖,繊,jinmeiyo,unihan
u807d-u8074,聽,聴,jinmeiyo,unihan
u81df-u81d3,臟,臓,jinmeiyo,unihan
u8207-u4e0e,與,与,jinmeiyo,unihan
u838a-u8358,莊,荘,jinmeiyo,unihan
u840c-u8420,萌,萠,jinmeiyo,unihan
u842c-u4e07,萬,万,jinmeiyo,unihan
u8597-u5712,薗,園,jinmeiyo,unihan
u85b0-u85ab,薰,薫,jinmeiyo,unihan
u85cf-u8535,藏,蔵,jinmeiyo,unihan
u85dd-u82b8,藝,芸,jinmeiyo,unihan
u85e5-u85ac,藥,薬,jinmeiyo,unihan
u865b-u865a,虛,虚,jinmeiyo,unihan
u885e-u885b,衞,衛,jinmeiyo,unihan
u88dd-u88c5,裝,装,jinmeiyo,unihan
u89bd-u89a7,覽,覧,jinmeiyo,unihan
u8b20-u8b21,謠,謡,jinmeiyo,unihan
u8b93-u8b72,讓,譲,jinmeiyo,unihan
u8ce3-u58f2,賣,売,jinmeiyo,unihan
u8cf4-u983c,賴,頼,jinmeiyo,unihan
u8f49-u8ee2,轉,転,jinmeiyo,unihan
u9065-u9059,遥,遙,jinmeiyo,unihan
u90de-u90ce,郞,郎,jinmeiyo,unihan
u9189-u9154,醉,酔,jinmeiyo,unihan
u91c0-u91b8,釀,醸,jinmeiyo,unihan
u9304-u9332,錄,録,jinmeiyo,unihan
u934a-u932c,鍊,錬,jinmeiyo,unihan
u93ad-u93ae,鎭,鎮,jinmeiyo,unihan
u9444-u92f3,鑄,鋳,jinmeiyo,unihan
u9677-u9665,陷,陥,jinmeiyo,unihan
u96aa-u967a,險,険,jinmeiyo,unihan
u96dc-u96d1,雜,雑,jinmeiyo,unihan
u975c-u9759,靜,静,jinmeiyo,unihan
u986f-u9855,顯,顕,jinmeiyo,unihan
u98dc-u7ffb,飜,翻,jinmeiyo,unihan
u99c8-u99c6,駈,駆,jinmeiyo,unihan
u9a37-u9a12,騷,騒,jinmeiyo,unihan
u9a57-u9a13,驗,験,jinmeiyo,unihan
u9aee-u9aea,髮,髪,jinmeiyo,unihan
u9dc4-u9d8f,鷄,鶏,jinmeiyo,unihan
u9ec3-u9ec4,黃,黄,jinmeiyo,unihan
u9ed1-u9ed2,黑,黒,jinmeiyo,unihan
u9ed8-u9ed9,默,黙,jinmeiyo,unihan
u9f4a-u6589,齊,斉,jinmeiyo,unihan
u9f8d-u7adc,龍,竜,jinmeiyo,unihan
u5f0c-u4e00,弌,一,kanjidic,kanjidic2
u5f0e-u4e09,弎,三,kanjidic,kanjidic2
u4e04-u4e0a,丄,上,kanjidic,kanjidic2
u4e05-u4e0b,丅,下,kanjidic,kanjidic2
u4e17-u4e16,丗,世,kanjidic-merge,kanjidic2
u534b-u4e16,卋,世,kanjidic-merge,kanjidic2
u5775-u4e18,坵,丘,kanjidic,kanjidic2
u4e24-u4e21,两,両,kanjidic-merge,kanjidic2
u5169-u4e21,兩,両,kanjidic-merge,kanjidic2
u50a1-u4e26,傡,並,kanjidic-merge,kanjidic2
u7add-u4e26,竝,並,kanjidic-merge,kanjidic2
u6909-u4e57,椉,乗,kanjidic,kanjidic2
u4e82-u4e71,亂,乱,kanjidic,kanjidic2
u4e79-u4e7e,乹,乾,kanjidic,kanjidic2
u9f9c-u4e80,龜,亀,kanjidic,kanjidic2
u8c6b-u4e88,豫,予,kanjidic,kanjidic2
u4e8a-u4e8b,亊,事,kanjidic-merge,kanjidic2
u53d3-u4e8b,叓,事,kanjidic-merge,kanjidic2
u5f0d-u4e8c,弍,二,kanjidic,kanjidic2
u5166-u4ea1,兦,亡,kanjidic,kanjidic2
u4eaf-u4eab,亯,享,kanjidic,kanjidic2
u4eb0-u4eac,亰,京,kanjidic,kanjidic2
u5047-u4eee,假,仮,kanjidic,kanjidic2
u50a0-u4f10,傠,伐,kanjidic-merge,kanjidic2
u726b-u4f10,牫,伐,kanjidic-merge,kanjidic2
u6703-u4f1a,會,会,kanjidic,kanjidic2
u4f40-u4f3c,佀,似,kanjidic,kanjidic2
u4efe-u4f4e,仾,低,kanjidic,kanjidic2
u8eb0-u4f53,躰,体,kanjidic-merge,kanjidic2
u8ec6-u4f53,軆,体,kanjidic-merge,kanjidic2
u9ab5-u4f53,骵,体,kanjidic-merge,kanjidic2
u9ad4-u4f53,體,体,kanjidic-merge,kanjidic2
u9918-u4f59,餘,余,kanjidic,kanjidic2
u5002-u4f75,倂,併,kanjidic,kanjidic2
u77e6-u4faf,矦,侯,kanjidic,kanjidic2
u8a2b-u4fe1,訫,信,kanjidic,kanjidic2
u4fe2-u4fee,俢,修,kanjidic,kanjidic2
u5fa4-u5065,徤,健,kanjidic,kanjidic2
u4ed0-u5098,仐,傘,kanjidic,kanjidic2
u50c3-u5099,僃,備,kanjidic,kanjidic2
u4ec2-u50cd,仂,働,kanjidic,kanjidic2
u706e-u5149,灮,光,kanjidic-merge,kanjidic2
u7097-u5149,炗,光,kanjidic-merge,kanjidic2
u9ee8-u515a,黨,党,kanjidic,kanjidic2
u518c-u518a,册,冊,kanjidic,kanjidic2
u5190-u5192,冐,冒,kanjidic,kanjidic2
u51a9-u5199,冩,写,kanjidic-merge,kanjidic2
u5beb-u5199,寫,写,kanjidic-merge,kanjidic2
u6dd2-u51c4,淒,凄,kanjidic,kanjidic2
u51e2-u51e1,凢,凡,kanjidic,kanjidic2
u8655-u51e6,處,処,kanjidic,kanjidic2
u91d6-u5200,釖,刀,kanjidic,kanjidic2
u5204-u5203,刄,刃,kanjidic,kanjidic2
u5265-u525d,剥,剝,kanjidic,kanjidic2
u5271-u5263,剱,剣,kanjidic,kanjidic2
u5292-u5263,劒,剣,kanjidic,kanjidic2
u5294-u5263,劔,剣,kanjidic,kanjidic2
u91fc-u5263,釼,剣,kanjidic,kanjidic2
u5291-u5264,劑,剤,kanjidic,kanjidic2
u6227-u5275,戧,創,kanjidic,kanjidic2
u4f2e-u52aa,伮,努,kanjidic,kanjidic2
u52f5-u52b1,勵,励,kanjidic,kanjidic2
u52de-u52b4,勞,労,kanjidic,kanjidic2
u6548-u52b9,效,効,kanjidic,kanjidic2
u6555-u52c5,敕,勅,kanjidic,kanjidic2
u52c8-u52c7,勈,勇,kanjidic,kanjidic2
u52f8-u52e7,勸,勧,kanjidic,kanjidic2
u52db-u52f2,勛,勲,kanjidic,kanjidic2
u531e-u5320,匞,匠,kanjidic,kanjidic2
u5340-u533a,區,区,kanjidic,kanjidic2
u91ab-u533b,醫,医,kanjidic,kanjidic2
u5346-u5352,卆,卒,kanjidic,kanjidic2
u684c-u5353,桌,卓,kanjidic,kanjidic2
u563d-u5358,嘽,単,kanjidic,kanjidic2
u768d-u5373,皍,即,kanjidic,kanjidic2
u537b-u5374,卻,却,kanjidic,kanjidic2
u5795-u539a,垕,厚,kanjidic,kanjidic2
u53a1-u539f,厡,原,kanjidic,kanjidic2
u53ba-u53bb,厺,去,kanjidic,kanjidic2
u53c3-u53c2,參,参,kanjidic-merge,kanjidic2
u53c5-u53c2,叅,参,kanjidic-merge,kanjidic2
u96d9-u53cc,雙,双,kanjidic,kanjidic2
u6558-u53d9,敘,叙,kanjidic,kanjidic2
u576e-u53f0,坮,台,kanjidic-merge,kanjidic2
u81fa-u53f0,臺,台,kanjidic-merge,kanjidic2
u865f-u53f7,號,号,kanjidic,kanjidic2
u5434-u5449,吴,呉,kanjidic,kanjidic2
u5492-u546a,咒,呪,kanjidic,kanjidic2
u9fa2-u548c,龢,和,kanjidic,kanjidic2
u80ed-u54bd,胭,咽,kanjidic,kanjidic2
u5586-u54f2,喆,哲,kanjidic-merge,kanjidic2
u569e-u54f2,嚞,哲,kanjidic-merge,kanjidic2
u8123-u5507,脣,唇,kanjidic,kanjidic2
u8aaf-u5531,誯,唱,kanjidic,kanjidic2
u8aec-u5553,諬,啓,kanjidic,kanjidic2
u8b71-u5584,譱,善,kanjidic,kanjidic2
u5644-u55ab,噄,喫,kanjidic,kanjidic2
u71df-u55b6,營,営,kanjidic,kanjidic2
u9f45-u55c5,齅,嗅,kanjidic,kanjidic2
u56d1-u5631,囑,嘱,kanjidic,kanjidic2
u4e96-u56db,亖,四,kanjidic,kanjidic2
u56d8-u56de,囘,回,kanjidic,kanjidic2
u56d9-u56e0,囙,因,kanjidic,kanjidic2
u570d-u56f2,圍,囲,kanjidic,kanjidic2
u5716-u56f3,圖,図,kanjidic,kanjidic2
u56f6-u56fd,囶,国,kanjidic,kanjidic2
u5700-u56fd,圀,国,kanjidic,kanjidic2
u58d3-u5727,壓,圧,kanjidic,kanjidic2
u57c0-u5782,埀,垂,kanjidic,kanjidic2
u58ae-u5815,墮,堕,kanjidic,kanjidic2
u57de-u5824,埞,堤,kanjidic,kanjidic2
u5872-u5834,塲,場,kanjidic,kanjidic2
u757e-u5841,畾,塁,kanjidic,kanjidic2
u51f7-u584a,凷,塊,kanjidic,kanjidic2
u5850-u5851,塐,塑,kanjidic,kanjidic2
u5896-u5854,墖,塔,kanjidic,kanjidic2
u586b-u5861,填,塡,kanjidic,kanjidic2
u9e7d-u5869,鹽,塩,kanjidic,kanjidic2
u58e4-u58cc,壤,壌,kanjidic,kanjidic2
u8072-u58f0,聲,声,kanjidic,kanjidic2
u58f9-u58f1,壹,壱,kanjidic,kanjidic2
u8b8a-u5909,變,変,kanjidic,kanjidic2
u5913-u590f,夓,夏,kanjidic,kanjidic2
u591b-u591a,夛,多,kanjidic,kanjidic2
u5923-u5922,夣,夢,kanjidic-merge,kanjidic2
u68a6-u5922,梦,夢,kanjidic-merge,kanjidic2
u7ad2-u5947,竒,奇,kanjidic,kanjidic2
u67f0-u5948,柰,奈,kanjidic,kanjidic2
u5db4-u5965,嶴,奥,kanjidic,kanjidic2
u734e-u5968,獎,奨,kanjidic,kanjidic2
u59d9-u598a,姙,妊,kanjidic,kanjidic2
u7385-u5999,玅,妙,kanjidic,kanjidic2
u5992-u59ac,妒,妬,kanjidic,kanjidic2
u59ca-u59c9,姊,姉,kanjidic,kanjidic2
u4e68-u59cb,乨,始,kanjidic-merge,kanjidic2
u5158-u59cb,兘,始,kanjidic-merge,kanjidic2
u5a63-u59fb,婣,姻,kanjidic,kanjidic2
u58fb-u5a7f,壻,婿,kanjidic-merge,kanjidic2
u805f-u5a7f,聟,婿,kanjidic-merge,kanjidic2
u5b78-u5b66,學,学,kanjidic-merge,kanjidic2
u6585-u5b66,斅,学,kanjidic-merge,kanjidic2
u6588-u5b66,斈,学,kanjidic-merge,kanjidic2
u57a8-u5b88,垨,守,kanjidic,kanjidic2
u519d-u5b9c,冝,宜,kanjidic-merge,kanjidic2
u5b90-u5b9c,宐,宜,kanjidic-merge,kanjidic2
u5bda-u5b9d,寚,宝,kanjidic-merge,kanjidic2
u5bf3-u5b9d,寳,宝,kanjidic-merge,kanjidic2
u5bf6-u5b9d,寶,宝,kanjidic-merge,kanjidic2
u5bcd-u5be7,寍,寧,kanjidic,kanjidic2
u5bb7-u5be9,宷,審,kanjidic,kanjidic2
u5c0d-u5bfe,對,対,kanjidic,kanjidic2
u53de-u5c09,叞,尉,kanjidic,kanjidic2
u51e5-u5c45,凥,居,kanjidic,kanjidic2
u5c46-u5c4a,屆,届,kanjidic,kanjidic2
u5c6c-u5c5e,屬,属,kanjidic,kanjidic2
u5dbd-u5cb3,嶽,岳,kanjidic,kanjidic2
u5d8c-u5cf6,嶌,島,kanjidic,kanjidic2
u5db9-u5cf6,嶹,島,kanjidic,kanjidic2
u5393-u5d16,厓,崖,kanjidic,kanjidic2
u6b78-u5e30,歸,帰,kanjidic-merge,kanjidic2
u7688-u5e30,皈,帰,kanjidic-merge,kanjidic2
u8cec-u5e33,賬,帳,kanjidic,kanjidic2
u5183-u5e3d,冃,帽,kanjidic,kanjidic2
u5e64-u5e63,幤,幣,kanjidic,kanjidic2
u79ca-u5e74,秊,年,kanjidic,kanjidic2
u69a6-u5e79,榦,幹,kanjidic,kanjidic2
u5ef0-u5e81,廰,庁,kanjidic,kanjidic2
u5ee2-u5ec3,廢,廃,kanjidic,kanjidic2
u74e3-u5f01,瓣,弁,kanjidic-merge,kanjidic2
u8fa7-u5f01,辧,弁,kanjidic-merge,kanjidic2
u8fa8-u5f01,辨,弁,kanjidic-merge,kanjidic2
u8fae-u5f01,辮,弁,kanjidic-merge,kanjidic2
u8faf-u5f01,辯,弁,kanjidic-merge,kanjidic2
u630a-u5f04,挊,弄,kanjidic-merge,kanjidic2
u6335-u5f04,挵,弄,kanjidic-merge,kanjidic2
u8cae-u5f10,貮,弐,kanjidic-merge,kanjidic2
u8cb3-u5f10,貳,弐,kanjidic-merge,kanjidic2
u7576-u5f53,當,当,kanjidic,kanjidic2
u5f83-u5f80,徃,往,kanjidic,kanjidic2
u5fb0-u5f81,徰,征,kanjidic,kanjidic2
u5f91-u5f84,徑,径,kanjidic-merge,kanjidic2
u9015-u5f84,逕,径,kanjidic-merge,kanjidic2
u60b3-u5fb3,悳,徳,kanjidic,kanjidic2
u5fc4-u5fc3,忄,心,kanjidic,kanjidic2
u607e-u5fd9,恾,忙,kanjidic,kanjidic2
u6091-u6016,悑,怖,kanjidic,kanjidic2
u6056-u601d,恖,思,kanjidic,kanjidic2
u6060-u602a,恠,怪,kanjidic,kanjidic2
u6200-u604b,戀,恋,kanjidic,kanjidic2
u803b-u6065,耻,恥,kanjidic,kanjidic2
u5fe2-u609f,忢,悟,kanjidic,kanjidic2
u6071-u60a6,恱,悦,kanjidic,kanjidic2
u60f1-u60a9,惱,悩,kanjidic,kanjidic2
u6158-u60e8,慘,惨,kanjidic,kanjidic2
u6187-u61a9,憇,憩,kanjidic,kanjidic2
u8931-u61d0,褱,懐,kanjidic,kanjidic2
u623e-u623b,戾,戻,kanjidic,kanjidic2
u64c7-u629e,擇,択,kanjidic,kanjidic2
u64d4-u62c5,擔,担,kanjidic,kanjidic2
u64da-u62e0,據,拠,kanjidic,kanjidic2
u6304-u62e1,挄,拡,kanjidic-merge,kanjidic2
u64f4-u62e1,擴,拡,kanjidic-merge,kanjidic2
u64e7-u6319,擧,挙,kanjidic-merge,kanjidic2
u8209-u6319,舉,挙,kanjidic-merge,kanjidic2
u633e-u631f,挾,挟,kanjidic,kanjidic2
u63d2-u633f,插,挿,kanjidic,kanjidic2
u57fd-u6383,埽,掃,kanjidic,kanjidic2
u64d1-u63a5,擑,接,kanjidic,kanjidic2
u64d5-u643a,擕,携,kanjidic-merge,kanjidic2
u651c-u643a,攜,携,kanjidic-merge,kanjidic2
u64f5-u6469,擵,摩,kanjidic,kanjidic2
u64a1-u64cd,撡,操,kanjidic,kanjidic2
u8d01-u6557,贁,敗,kanjidic,kanjidic2
u6578-u6570,數,数,kanjidic,kanjidic2
u65c9-u6577,旉,敷,kanjidic,kanjidic2
u4e9d-u6589,亝,斉,kanjidic,kanjidic2
u658a-u6589,斊,斉,kanjidic,kanjidic2
u9f4b-u658e,齋,斎,kanjidic,kanjidic2
u65b7-u65ad,斷,断,kanjidic,kanjidic2
u820a-u65e7,舊,旧,kanjidic,kanjidic2
u6680-u65fa,暀,旺,kanjidic,kanjidic2
u66fb-u6607,曻,昇,kanjidic,kanjidic2
u6719-u660e,朙,明,kanjidic,kanjidic2
u76a8-u661f,皨,星,kanjidic,kanjidic2
u65fe-u6625,旾,春,kanjidic,kanjidic2
u6630-u662f,昰,是,kanjidic,kanjidic2
u65f9-u6642,旹,時,kanjidic,kanjidic2
u669c-u666e,暜,普,kanjidic,kanjidic2
u6692-u6674,暒,晴,kanjidic,kanjidic2
u53af-u66a6,厯,暦,kanjidic,kanjidic2
u66fa-u66f9,曺,曹,kanjidic,kanjidic2
u51a3-u6700,冣,最,kanjidic,kanjidic2
u671e-u671f,朞,期,kanjidic,kanjidic2
u5932-u672c,夲,本,kanjidic,kanjidic2
u6a86-u6749,檆,杉,kanjidic,kanjidic2
u67a9-u677e,枩,松,kanjidic-merge,kanjidic2
u67d7-u677e,柗,松,kanjidic-merge,kanjidic2
u68a5-u677e,梥,松,kanjidic-merge,kanjidic2
u6a1e-u67a2,樞,枢,kanjidic,kanjidic2
u687a-u67f3,桺,柳,kanjidic,kanjidic2
u67f9-u67ff,柹,柿,kanjidic,kanjidic2
u6764-u6803,杤,栃,kanjidic,kanjidic2
u6852-u6851,桒,桑,kanjidic,kanjidic2
u68e7-u685f,棧,桟,kanjidic,kanjidic2
u5f03-u68c4,弃,棄,kanjidic,kanjidic2
u68ca-u68cb,棊,棋,kanjidic-merge,kanjidic2
u6ab1-u68cb,檱,棋,kanjidic-merge,kanjidic2
u6858-u690e,桘,椎,kanjidic,kanjidic2
u6a13-u697c,樓,楼,kanjidic,kanjidic2
u69ea-u6982,槪,概,kanjidic,kanjidic2
u6784-u69cb,构,構,kanjidic,kanjidic2
u6b0a-u6a29,權,権,kanjidic,kanjidic2
u69d7-u6a4b,槗,橋,kanjidic,kanjidic2
u7f3a-u6b20,缺,欠,kanjidic-merge,kanjidic2
u7f3c-u6b20,缼,欠,kanjidic-merge,kanjidic2
u6b50-u6b27,歐,欧,kanjidic,kanjidic2
u6b35-u6b3e,欵,款,kanjidic,kanjidic2
u6b61-u6b53,歡,歓,kanjidic,kanjidic2
u9f52-u6b6f,齒,歯,kanjidic,kanjidic2
u4e97-u6b73,亗,歳,kanjidic,kanjidic2
u6b98-u6b8b,殘,残,kanjidic,kanjidic2
u6bc6-u6bb4,毆,殴,kanjidic,kanjidic2
u715e-u6bba,煞,殺,kanjidic,kanjidic2
u58f3-u6bbb,壳,殻,kanjidic-merge,kanjidic2
u6bbc-u6bbb,殼,殻,kanjidic-merge,kanjidic2
u5936-u6bd4,夶,比,kanjidic,kanjidic2
u7081-u6c17,炁,気,kanjidic,kanjidic2
u51b0-u6c37,冰,氷,kanjidic,kanjidic2
u6c59-u6c5a,汙,汚,kanjidic,kanjidic2
u51b3-u6c7a,决,決,kanjidic,kanjidic2
u6c89-u6c88,沉,沈,kanjidic,kanjidic2
u51b2-u6c96,冲,沖,kanjidic,kanjidic2
u6c92-u6ca1,沒,没,kanjidic,kanjidic2
u6fa4-u6ca2,澤,沢,kanjidic,kanjidic2
u51b5-u6cc1,况,況,kanjidic,kanjidic2
u4f71-u6cd5,佱,法,kanjidic-merge,kanjidic2
u704b-u6cd5,灋,法,kanjidic-merge,kanjidic2
u576d-u6ce5,坭,泥,kanjidic,kanjidic2
u5933-u6cf0,夳,泰,kanjidic-merge,kanjidic2
u23cfe-u6cf0,𣳾,泰,kanjidic-merge,kanjidic2
u6dfa-u6d45,淺,浅,kanjidic,kanjidic2
u6ff1-u6d5c,濱,浜,kanjidic-merge,kanjidic2
u6ff5-u6d5c,濵,浜,kanjidic-merge,kanjidic2
u6cea-u6d99,泪,涙,kanjidic,kanjidic2
u6f04-u6daf,漄,涯,kanjidic,kanjidic2
u5a6c-u6deb,婬,淫,kanjidic,kanjidic2
u6c97-u6dfb,沗,添,kanjidic,kanjidic2
u6fdf-u6e08,濟,済,kanjidic,kanjidic2
u6b6e-u6e0b,歮,渋,kanjidic,kanjidic2
u6f80-u6e0b,澀,渋,kanjidic,kanjidic2
u5d60-u6e13,嵠,渓,kanjidic-merge,kanjidic2
u6eaa-u6e13,溪,渓,kanjidic-merge,kanjidic2
u78ce-u6e13,磎,渓,kanjidic-merge,kanjidic2
u8c3f-u6e13,谿,渓,kanjidic-merge,kanjidic2
u51cf-u6e1b,减,減,kanjidic,kanjidic2
u6d8c-u6e67,涌,湧,kanjidic,kanjidic2
u7063-u6e7e,灣,湾,kanjidic,kanjidic2
u6eff-u6e80,滿,満,kanjidic,kanjidic2
u53b5-u6e90,厵,源,kanjidic,kanjidic2
u51d6-u6e96,凖,準,kanjidic,kanjidic2
u687c-u6f06,桼,漆,kanjidic,kanjidic2
u5c5a-u6f0f,屚,漏,kanjidic,kanjidic2
u71b3-u6f2b,熳,漫,kanjidic,kanjidic2
u6d2f-u6f54,洯,潔,kanjidic,kanjidic2
u6f5b-u6f5c,潛,潜,kanjidic-merge,kanjidic2
u6ff3-u6f5c,濳,潜,kanjidic-merge,kanjidic2
u4f19-u706b,伙,火,kanjidic,kanjidic2
u707e-u707d,灾,災,kanjidic-merge,kanjidic2
u70d6-u707d,烖,災,kanjidic-merge,kanjidic2
u7210-u7089,爐,炉,kanjidic,kanjidic2
u9ede-u70b9,點,点,kanjidic,kanjidic2
u70df-u7159,烟,煙,kanjidic,kanjidic2
u66cc-u7167,曌,照,kanjidic-merge,kanjidic2
u77be-u7167,瞾,照,kanjidic-merge,kanjidic2
u72a7-u72a0,犧,犠,kanjidic,kanjidic2
u7368-u72ec,獨,独,kanjidic,kanjidic2
u7375-u731f,獵,猟,kanjidic,kanjidic2
u8c93-u732b,貓,猫,kanjidic,kanjidic2
u737b-u732e,獻,献,kanjidic,kanjidic2
u7328-u733f,猨,猿,kanjidic,kanjidic2
u535b-u7387,卛,率,kanjidic,kanjidic2
u73ce-u73cd,珎,珍,kanjidic,kanjidic2
u73e1-u7434,珡,琴,kanjidic-merge,kanjidic2
u7439-u7434,琹,琴,kanjidic-merge,kanjidic2
u74a2-u7460,璢,瑠,kanjidic,kanjidic2
u58d0-u74bd,壐,璽,kanjidic,kanjidic2
u7501-u74f6,甁,瓶,kanjidic,kanjidic2
u4fbd-u7537,侽,男,kanjidic,kanjidic2
u753c-u753a,甼,町,kanjidic,kanjidic2
u756b-u753b,畫,画,kanjidic,kanjidic2
u7544-u7559,畄,留,kanjidic-merge,kanjidic2
u7571-u7559,畱,留,kanjidic-merge,kanjidic2
u7546-u755d,畆,畝,kanjidic-merge,kanjidic2
u7552-u755d,畒,畝,kanjidic-merge,kanjidic2
u755e-u755d,畞,畝,kanjidic-merge,kanjidic2
u7567-u7565,畧,略,kanjidic,kanjidic2
u53e0-u7573,叠,畳,kanjidic,kanjidic2
u7582-u7573,疂,畳,kanjidic,kanjidic2
u7589-u7573,疉,畳,kanjidic,kanjidic2
u8e08-u758e,踈,疎,kanjidic,kanjidic2
u7661-u75f4,癡,痴,kanjidic,kanjidic2
u7609-u7652,瘉,癒,kanjidic,kanjidic2
u767c-u767a,發,発,kanjidic,kanjidic2
u50dc-u767b,僜,登,kanjidic,kanjidic2
u8b7c-u76e3,譼,監,kanjidic,kanjidic2
u66b8-u77ad,暸,瞭,kanjidic,kanjidic2
u784f-u7814,硏,研,kanjidic,kanjidic2
u78bb-u78ba,碻,確,kanjidic,kanjidic2
u7920-u78c1,礠,磁,kanjidic,kanjidic2
u7a50-u79cb,穐,秋,kanjidic-merge,kanjidic2
u9f9d-u79cb,龝,秋,kanjidic-merge,kanjidic2
u7a31-u79f0,稱,称,kanjidic-merge,kanjidic2
u7a6a-u79f0,穪,称,kanjidic-merge,kanjidic2
u7a3a-u7a1a,稺,稚,kanjidic-merge,kanjidic2
u7a49-u7a1a,穉,稚,kanjidic-merge,kanjidic2
u7a3e-u7a3f,稾,稿,kanjidic-merge,kanjidic2
u85f3-u7a3f,藳,稿,kanjidic-merge,kanjidic2
u7a69-u7a4f,穩,穏,kanjidic,kanjidic2
u7aca-u7a83,竊,窃,kanjidic,kanjidic2
u56f1-u7a93,囱,窓,kanjidic-merge,kanjidic2
u724e-u7a93,牎,窓,kanjidic-merge,kanjidic2
u7255-u7a93,牕,窓,kanjidic-merge,kanjidic2
u7a97-u7a93,窗,窓,kanjidic-merge,kanjidic2
u7abb-u7a93,窻,窓,kanjidic-merge,kanjidic2
u7ac6-u7aae,竆,窮,kanjidic,kanjidic2
u7a91-u7aaf,窑,窯,kanjidic-merge,kanjidic2
u7ab0-u7aaf,窰,窯,kanjidic-merge,kanjidic2
u9f92-u7adc,龒,竜,kanjidic,kanjidic2
u7b14-u7b46,笔,筆,kanjidic,kanjidic2
u89d4-u7b4b,觔,筋,kanjidic,kanjidic2
u7b27-u7b56,笧,策,kanjidic,kanjidic2
u7bed-u7c60,篭,籠,kanjidic,kanjidic2
u8085-u7c9b,肅,粛,kanjidic,kanjidic2
u7cae-u7ce7,粮,糧,kanjidic,kanjidic2
u7d72-u7cf8,絲,糸,kanjidic,kanjidic2
u7cfa-u7cfe,糺,糾,kanjidic,kanjidic2
u5e0b-u7d19,帋,紙,kanjidic,kanjidic2
u7d93-u7d4c,經,経,kanjidic,kanjidic2
u7d82-u7d71,綂,統,kanjidic,kanjidic2
u7e6a-u7d75,繪,絵,kanjidic,kanjidic2
u7e7c-u7d99,繼,継,kanjidic,kanjidic2
u7e8c-u7d9a,續,続,kanjidic-merge,kanjidic2
u8ce1-u7d9a,賡,続,kanjidic-merge,kanjidic2
u6460-u7dcf,摠,総,kanjidic-merge,kanjidic2
u7deb-u7dcf,緫,総,kanjidic-merge,kanjidic2
u7e3d-u7dcf,總,総,kanjidic-merge,kanjidic2
u7dab-u7dda,綫,線,kanjidic,kanjidic2
u7e69-u7e04,繩,縄,kanjidic,kanjidic2
u7e8e-u7e4a,纎,繊,kanjidic,kanjidic2
u7d78-u7e6d,絸,繭,kanjidic-merge,kanjidic2
u8812-u7e6d,蠒,繭,kanjidic-merge,kanjidic2
u7f3b-u7f36,缻,缶,kanjidic-merge,kanjidic2
u7f50-u7f36,罐,缶,kanjidic-merge,kanjidic2
u7f78-u7f70,罸,罰,kanjidic,kanjidic2
u55ce-u7f75,嗎,罵,kanjidic,kanjidic2
u7fa3-u7fa4,羣,群,kanjidic,kanjidic2
u57a9-u8056,垩,聖,kanjidic,kanjidic2
u8040-u8077,聀,職,kanjidic-merge,kanjidic2
u8ec4-u8077,軄,職,kanjidic-merge,kanjidic2
u8135-u80a1,脵,股,kanjidic,kanjidic2
u808e-u80af,肎,肯,kanjidic,kanjidic2
u6bd3-u80b2,毓,育,kanjidic,kanjidic2
u81bb-u80c6,膻,胆,kanjidic-merge,kanjidic2
u81bd-u80c6,膽,胆,kanjidic-merge,kanjidic2
u810b-u8105,脋,脅,kanjidic,kanjidic2
u8109-u8108,脉,脈,kanjidic,kanjidic2
u8e0b-u811a,踋,脚,kanjidic,kanjidic2
u5318-u8133,匘,脳,kanjidic-merge,kanjidic2
u8166-u8133,腦,脳,kanjidic-merge,kanjidic2
u8193-u8178,膓,腸,kanjidic,kanjidic2
u994d-u81b3,饍,膳,kanjidic,kanjidic2
u820d-u820e,舍,舎,kanjidic,kanjidic2
u8216-u8217,舖,舗,kanjidic,kanjidic2
u8229-u8239,舩,船,kanjidic,kanjidic2
u8277-u8276,艷,艶,kanjidic-merge,kanjidic2
u8c53-u8276,豓,艶,kanjidic-merge,kanjidic2
u8c54-u8276,豔,艶,kanjidic-merge,kanjidic2
u82b2-u82b1,芲,花,kanjidic,kanjidic2
u79c7-u82b8,秇,芸,kanjidic,kanjidic2
u5040-u82f1,偀,英,kanjidic,kanjidic2
u8396-u830e,莖,茎,kanjidic,kanjidic2
u8550-u83ef,蕐,華,kanjidic,kanjidic2
u585f-u846c,塟,葬,kanjidic,kanjidic2
u76d6-u84cb,盖,蓋,kanjidic-merge,kanjidic2
u8462-u84cb,葢,蓋,kanjidic-merge,kanjidic2
u5328-u8535,匨,蔵,kanjidic,kanjidic2
u860d-u85ab,蘍,薫,kanjidic,kanjidic2
u4e55-u864e,乕,虎,kanjidic-merge,kanjidic2
u865d-u864e,虝,虎,kanjidic-merge,kanjidic2
u8657-u865a,虗,虚,kanjidic,kanjidic2
u87f2-u866b,蟲,虫,kanjidic,kanjidic2
u87c1-u868a,蟁,蚊,kanjidic,kanjidic2
u8745-u8695,蝅,蚕,kanjidic-merge,kanjidic2
u8836-u8695,蠶,蚕,kanjidic-merge,kanjidic2
u883a-u8695,蠺,蚕,kanjidic-merge,kanjidic2
u8675-u86c7,虵,蛇,kanjidic,kanjidic2
u87a2-u86cd,螢,蛍,kanjidic,kanjidic2
u883b-u86ee,蠻,蛮,kanjidic,kanjidic2
u882d-u8702,蠭,蜂,kanjidic,kanjidic2
u773e-u8846,眾,衆,kanjidic,kanjidic2
u5e12-u888b,帒,袋,kanjidic,kanjidic2
u88d2-u8912,裒,褒,kanjidic-merge,kanjidic2
u8943-u8912,襃,褒,kanjidic-merge,kanjidic2
u705e-u8987,灞,覇,kanjidic-merge,kanjidic2
u9738-u8987,霸,覇,kanjidic-merge,kanjidic2
u8990-u899a,覐,覚,kanjidic-merge,kanjidic2
u89ba-u899a,覺,覚,kanjidic-merge,kanjidic2
u89c0-u89b3,觀,観,kanjidic,kanjidic2
u89e7-u89e3,觧,解,kanjidic,kanjidic2
u89f8-u89e6,觸,触,kanjidic,kanjidic2
u8b6f-u8a33,譯,訳,kanjidic,kanjidic2
u8b49-u8a3c,證,証,kanjidic,kanjidic2
u548f-u8a60,咏,詠,kanjidic,kanjidic2
u8b7d-u8a89,譽,誉,kanjidic,kanjidic2
u5500-u8a98,唀,誘,kanjidic,kanjidic2
u8b80-u8aad,讀,読,kanjidic,kanjidic2
u8c50-u8c4a,豐,豊,kanjidic,kanjidic2
u8c58-u8c5a,豘,豚,kanjidic,kanjidic2
u7683-u8c8c,皃,貌,kanjidic,kanjidic2
u86fd-u8c9d,蛽,貝,kanjidic,kanjidic2
u621d-u8ca1,戝,財,kanjidic,kanjidic2
u6bcc-u8cab,毌,貫,kanjidic,kanjidic2
u8d0a-u8cdb,贊,賛,kanjidic,kanjidic2
u8d12-u8ce2,贒,賢,kanjidic,kanjidic2
u5295-u8cea,劕,質,kanjidic-merge,kanjidic2
u8cad-u8cea,貭,質,kanjidic-merge,kanjidic2
u8d71-u8d70,赱,走,kanjidic,kanjidic2
u8e10-u8df5,踐,践,kanjidic,kanjidic2
u8e34-u8e0a,踴,踊,kanjidic,kanjidic2
u8f15-u8efd,輕,軽,kanjidic,kanjidic2
u8ef0-u8f29,軰,輩,kanjidic,kanjidic2
u938b-u8f44,鎋,轄,kanjidic,kanjidic2
u8f9d-u8f9e,辝,辞,kanjidic-merge,kanjidic2
u8fa4-u8f9e,辤,辞,kanjidic-merge,kanjidic2
u8fad-u8f9e,辭,辞,kanjidic-merge,kanjidic2
u9089-u8fba,邉,辺,kanjidic-merge,kanjidic2
u908a-u8fba,邊,辺,kanjidic-merge,kanjidic2
u8fef-u9003,迯,逃,kanjidic,kanjidic2
u905e-u9013,遞,逓,kanjidic,kanjidic2
u9072-u9045,遲,遅,kanjidic,kanjidic2
u5675-u9053,噵,道,kanjidic-merge,kanjidic2
u885c-u9053,衜,道,kanjidic-merge,kanjidic2
u885f-u9053,衟,道,kanjidic-merge,kanjidic2
u9039-u9054,逹,達,kanjidic,kanjidic2
u6eaf-u9061,溯,遡,kanjidic,kanjidic2
u8fc1-u9077,迁,遷,kanjidic,kanjidic2
u90d2-u90ce,郒,郎,kanjidic,kanjidic2
u90f6-u90e8,郶,部,kanjidic,kanjidic2
u918b-u9162,醋,酢,kanjidic,kanjidic2
u9167-u916c,酧,酬,kanjidic-merge,kanjidic2
u91bb-u916c,醻,酬,kanjidic-merge,kanjidic2
u91cb-u91c8,釋,釈,kanjidic,kanjidic2
u58c4-u91ce,壄,野,kanjidic,kanjidic2
u91e1-u91dc,釡,釜,kanjidic,kanjidic2
u9295-u9244,銕,鉄,kanjidic-merge,kanjidic2
u92e8-u9244,鋨,鉄,kanjidic-merge,kanjidic2
u9421-u9244,鐡,鉄,kanjidic-merge,kanjidic2
u9435-u9244,鐵,鉄,kanjidic-merge,kanjidic2
u9206-u925b,鈆,鉛,kanjidic,kanjidic2
u7f3d-u9262,缽,鉢,kanjidic,kanjidic2
u783f-u9271,砿,鉱,kanjidic-merge,kanjidic2
u78fa-u9271,磺,鉱,kanjidic-merge,kanjidic2
u7926-u9271,礦,鉱,kanjidic-merge,kanjidic2
u945b-u9271,鑛,鉱,kanjidic-merge,kanjidic2
u9322-u92ad,錢,銭,kanjidic,kanjidic2
u7145-u935b,煅,鍛,kanjidic,kanjidic2
u942e-u938c,鐮,鎌,kanjidic,kanjidic2
u93c1-u9396,鏁,鎖,kanjidic,kanjidic2
u734d-u93e1,獍,鏡,kanjidic,kanjidic2
u9373-u9451,鍳,鑑,kanjidic-merge,kanjidic2
u9452-u9451,鑒,鑑,kanjidic-merge,kanjidic2
u514f-u9577,兏,長,kanjidic-merge,kanjidic2
u9578-u9577,镸,長,kanjidic-merge,kanjidic2
u9587-u9589,閇,閉,kanjidic,kanjidic2
u95dc-u95a2,關,関,kanjidic,kanjidic2
u9b26-u95d8,鬦,闘,kanjidic-merge,kanjidic2
u9b2a-u95d8,鬪,闘,kanjidic-merge,kanjidic2
u9b2d-u95d8,鬭,闘,kanjidic-merge,kanjidic2
u5905-u964d,夅,降,kanjidic,kanjidic2
u4f8c-u9670,侌,陰,kanjidic-merge,kanjidic2
u9625-u9670,阥,陰,kanjidic-merge,kanjidic2
u9682-u9670,隂,陰,kanjidic-merge,kanjidic2
u7906-u967a,礆,険,kanjidic,kanjidic2
u9626-u967d,阦,陽,kanjidic-merge,kanjidic2
u9633-u967d,阳,陽,kanjidic-merge,kanjidic2
u5826-u968e,堦,階,kanjidic,kanjidic2
u96a8-u968f,隨,随,kanjidic,kanjidic2
u969f-u9699,隟,隙,kanjidic,kanjidic2
u4e5a-u96a0,乚,隠,kanjidic-merge,kanjidic2
u96b1-u96a0,隱,隠,kanjidic-merge,kanjidic2
u53b8-u96a3,厸,隣,kanjidic-merge,kanjidic2
u9130-u96a3,鄰,隣,kanjidic-merge,kanjidic2
u96b8-u96b7,隸,隷,kanjidic,kanjidic2
u9741-u96f7,靁,雷,kanjidic,kanjidic2
u7075-u970a,灵,霊,kanjidic-merge,kanjidic2
u971b-u970a,霛,霊,kanjidic-merge,kanjidic2
u9748-u970a,靈,霊,kanjidic-merge,kanjidic2
u96fa-u9727,雺,霧,kanjidic-merge,kanjidic2
u971a-u9727,霚,霧,kanjidic-merge,kanjidic2
u9763-u9762,靣,面,kanjidic,kanjidic2
u97be-u9774,鞾,靴,kanjidic,kanjidic2
u982c-u9830,頬,頰,kanjidic,kanjidic2
u984f-u9854,顏,顔,kanjidic,kanjidic2
u51ee-u98a8,凮,風,kanjidic-merge,kanjidic2
u98cc-u98a8,飌,風,kanjidic-merge,kanjidic2
u98ee-u98f2,飮,飲,kanjidic,kanjidic2
u991d-u98fe,餝,飾,kanjidic,kanjidic2
u9920-u9905,餠,餅,kanjidic,kanjidic2
u7faa-u990a,羪,養,kanjidic,kanjidic2
u8218-u9928,舘,館,kanjidic,kanjidic2
u9a5b-u99c5,驛,駅,kanjidic,kanjidic2
u657a-u99c6,敺,駆,kanjidic,kanjidic2
u9a45-u99c6,驅,駆,kanjidic,kanjidic2
u9a10-u9a13,騐,験,kanjidic,kanjidic2
u81b8-u9ac4,膸,髄,kanjidic-merge,kanjidic2
u9ad3-u9ac4,髓,髄,kanjidic-merge,kanjidic2
u6b1d-u9b31,欝,鬱,kanjidic,kanjidic2
u96de-u9d8f,雞,鶏,kanjidic,kanjidic2
u974e-u9db4,靎,鶴,kanjidic-merge,kanjidic2
u974f-u9db4,靏,鶴,kanjidic-merge,kanjidic2
u9e16-u9db4,鸖,鶴,kanjidic-merge,kanjidic2
u9ea5-u9ea6,麥,麦,kanjidic,kanjidic2
u9eaa-u9eba,麪,麺,kanjidic-merge,kanjidic2
u9eb5-u9eba,麵,麺,kanjidic-merge,kanjidic2
u8534-u9ebb,蔴,麻,kanjidic,kanjidic2
u76b7-u9f13,皷,鼓,kanjidic,kanjidic2
u9f61-u9f62,齡,齢,kanjidic,kanjidic2
u53f1-u20b9f,叱,𠮟,kanjidic,kanjidic2
