ID,Description,Count,Resolution,Source
g-bdf07f3c110d,△／‥、252-11,1,other,aozora
g-ea7a78e6231c,△／‥、253-10,1,other,aozora
g-e75a7d4b1daa,△／‥、253-9,1,other,aozora
g-67b0150d31a1,△／‥、254-12,1,other,aozora
g-ef3a12d9169d,△／‥、254-5,1,other,aozora
g-f088cd1f6683,△／‥、255-3,1,other,aozora
g-8b54d1014230,△／‥、255-7,1,other,aozora
g-0021a7219665,△／‥、255-8,1,other,aozora
g-4a5c37924932,○／‥、257-14,1,other,aozora
g-08c2f63c5c02,○／‥、257-6,2,other,aozora
g-825c9dd1180e,○／‥、257-7,1,other,aozora
g-d89d56da9d87,○／六,1,other,aozora
g-466ccf8902a0,「けものへん＋僚のつくり、145-7,1,kana-component,aozora
g-04dae8037dcd,「さんずい＋（从／巫）、717-8,1,kana-component,aozora
g-7b89852f9ff2,「敖／馬,1,other,aozora
g-5d83ce588c76,「虫＋（くさかんむり／天／廾）、146-7,1,kana-component,aozora
g-deebef42681f,「虫＋（くさかんむり／天／廾）、149-14,1,kana-component,aozora
g-df50c948d734,うかんむり＋婁,1,kana-component,aozora
g-1c5cd86b34e1,うかんむり／婁,4,kana-component,aozora
g-a12b4e46faab,うかんむり／必／冉,2,kana-component,aozora
g-e10bf05ff877,えんにょう＋囘,8,kana-component,aozora
g-651e9491df6d,くさかんむり＋推,1,kana-component,aozora
g-5b0659fad69f,くさかんむり／「斂,1,kana-component,aozora
g-2031babd1b7c,くさかんむり／倩,4,kana-component,aozora
g-fab6fa794f2a,くさかんむり／兪,1,kana-component,aozora
g-a4d7a8dbc776,くさかんむり／冏,2,kana-component,aozora
g-9b4c62e8bd4b,くさかんむり／哽のつくり,2,kana-component,aozora
g-6f4f1514e4e7,くさかんむり／圍,1,kana-component,aozora
g-81211fff4cf8,くさかんむり／均,1,kana-component,aozora
g-2fceae170116,くさかんむり／大／巳,2,kana-component,aozora
g-9b462ccc5c4a,くさかんむり／奔,9,kana-component,aozora
g-6ea5d3232f95,くさかんむり／寇,1,kana-component,aozora
g-95e9cf3f5155,くさかんむり／悄のつくり,1,kana-component,aozora
g-b4836173952c,くさかんむり／捕,2,kana-component,aozora
g-360bc497d202,くさかんむり／支,1,kana-component,aozora
g-f1ed45f5fe76,くさかんむり／更,7,kana-component,aozora
g-ce863b7b1d65,くさかんむり／渠,1,kana-component,aozora
g-4816ccf197cf,くさかんむり／稾,8,kana-component,aozora
g-1c1be7a7bcef,くさかんむり／突,1,kana-component,aozora
g-9d5a20bb1c85,くさかんむり／翳,2,kana-component,aozora
g-121f8ccf23d1,くさかんむり／要,1,kana-component,aozora
g-eee8ee1d13ef,くさかんむり／貍,1,kana-component,aozora
g-aa9fd7674417,くさかんむり／酉＋焦,1,kana-component,aozora
g-4b56e949feaf,くさかんむり／開,2,kana-component,aozora
g-9a6ddd8bc06c,くさかんむり／骨,1,kana-component,aozora
g-1804f213253f,くさかんむり／（夷－十）,2,kana-component,aozora
g-0312d998144e,くさかんむり／（束＋束）,2,kana-component,aozora
g-00d6741c8541,くさかんむり／（止＋（自／儿）＋氾のつくり）／夂,1,kana-component,aozora
g-fc8883aca8b5,くさかんむり／（歹＋昜）,2,kana-component,aozora
g-308163646f67,くさかんむり／（歹＋食）,1,kana-component,aozora
g-089c49ec998e,くさかんむり／（火＋禾）,1,kana-component,aozora
g-a31eab228015,けものへん＋丑,1,kana-component,aozora
g-2d1b0dfc000e,けものへん＋付,2,kana-component,aozora
g-d7cc7d019a2d,けものへん＋僚のつくり,1,kana-component,aozora
g-a56ceac72b77,けものへん＋孫,1,kana-component,aozora
g-ed96448037cd,けものへん＋搖のつくり,1,kana-component,aozora
g-6a76f2a559b3,けものへん＋敕,1,kana-component,aozora
g-6c1af8f65b2d,けものへん＋矍,5,kana-component,aozora
g-cf5bd3b92dee,けものへん＋胡,1,kana-component,aozora
g-e25785d64049,けものへん＋非,10,kana-component,aozora
g-c2ff8bfc1cf0,けものへん＋（戎－丿）,1,kana-component,aozora
g-f67bce9c2207,こざとへん＋井,1,kana-component,aozora
g-5cbba04218c3,こざとへん＋亥,1,kana-component,aozora
g-3914257d7061,こざとへん＋匚＜夾,1,kana-component,aozora
g-6137247be0a0,ころもへん＋呂,1,kana-component,aozora
g-9f004f234ad7,ころもへん＋巽,1,kana-component,aozora
g-80ad9d2b5469,ころもへん＋昆,3,kana-component,aozora
g-5a6358f9539a,ころもへん＋瞻のつくり,1,kana-component,aozora
g-d1f69464f0cc,ころもへん＋纒のつくり,1,kana-component,aozora
g-81f23835b5b1,さんずい＋乞,1,kana-component,aozora
g-3efa9c74268e,さんずい＋因,2,kana-component,aozora
g-795e410a0f8e,さんずい＋墨,1,kana-component,aozora
g-41f87e20d47e,さんずい＋孛,1,kana-component,aozora
g-a5a6e713a4cb,さんずい＋幼,6,kana-component,aozora
g-fa92aba4afe2,さんずい＋念,2,kana-component,aozora
g-fe74377c2253,さんずい＋散,12,kana-component,aozora
g-e4716f5a768d,さんずい＋方,1,kana-component,aozora
g-fc0ae499383e,さんずい＋會,2,kana-component,aozora
g-1a7451fd91a8,さんずい＋珍のつくり,1,kana-component,aozora
g-de8266bc55f3,さんずい＋石,1,kana-component,aozora
g-b7b304b74d3d,さんずい＋翕,1,kana-component,aozora
g-0bb7da595f91,さんずい＋號,1,kana-component,aozora
g-b18ff5572770,さんずい＋診のつくり,2,kana-component,aozora
g-aa3f11b5aee1,さんずい＋賣,1,kana-component,aozora
g-db9537f24717,さんずい＋雫,2,kana-component,aozora
g-ecac80e2c977,さんずい＋高,1,kana-component,aozora
g-8eaf5b5ae2ae,さんずい＋鷄,1,kana-component,aozora
g-6417ba0c8f92,さんずい＋（くさかんむり／奔）,1,kana-component,aozora
g-a84d97fe80a4,さんずい＋（一／（幺＋幺）／工）,1,kana-component,aozora
g-e52046bce2af,さんずい＋（刀／日）,1,kana-component,aozora
g-06346ce7eadc,さんずい＋（嗇／一）,1,kana-component,aozora
g-c5e4afb81c53,さんずい＋（融－虫）,1,kana-component,aozora
g-31aae794a67d,しめすへん＋我,1,kana-component,aozora
g-0ab5e9ae7607,しめすへん＋禺,1,kana-component,aozora
g-30493d356eb3,しんにゅう＋奔,1,kana-component,aozora
g-ee558f5cef41,そうにょう＋異,1,kana-component,aozora
g-f20e0a1b85c3,てへん＋「宛,1,kana-component,aozora
g-a3eb75c93920,てへん＋俊のつくり,1,kana-component,aozora
g-7443c02a40e0,てへん＋全,1,kana-component,aozora
g-af5a760d47e3,てへん＋厥,4,kana-component,aozora
g-dc9ecb9e4c00,てへん＋參,5,kana-component,aozora
g-a6b3a596b164,てへん＋啜のつくり,1,kana-component,aozora
g-d788f0d559c6,てへん＋夸,1,kana-component,aozora
g-94e5497a2831,てへん＋妻,1,kana-component,aozora
g-22ccfaab6abd,てへん＋婁,1,kana-component,aozora
g-9d4d24750d42,てへん＋孅のつくり,1,kana-component,aozora
g-4fda4d721cbd,てへん＋弁,1,kana-component,aozora
g-ebc5f5bff25b,てへん＋弃,9,kana-component,aozora
g-5ed8ff279747,てへん＋扇の旧字,1,kana-component,aozora
g-621dd36f719d,てへん＋樗のつくり,1,kana-component,aozora
g-b22fce1db017,てへん＋牽,1,kana-component,aozora
g-57a665520940,てへん＋発,8,kana-component,aozora
g-b6ab153d4106,てへん＋綴のつくり,1,kana-component,aozora
g-47c684e07dd0,てへん＋纔のつくり,7,kana-component,aozora
g-141cb737090a,てへん＋耆,1,kana-component,aozora
g-53120fc36e0c,てへん＋臣,1,kana-component,aozora
g-81358136339e,てへん＋茶,3,kana-component,aozora
g-34de477722fe,てへん＋蜀,1,kana-component,aozora
g-7ac1328878c7,てへん＋角,2,kana-component,aozora
g-6865fb9aac35,てへん＋諂のつくり,1,kana-component,aozora
g-61f2bad35bb9,てへん＋長,1,kana-component,aozora
g-3f7a71cf103f,てへん＋闌,1,kana-component,aozora
g-e19041def9f2,てへん＋霍,1,kana-component,aozora
g-923f95c94f50,てへん＋（「縻,4,kana-component,aozora
g-eec5c4cac555,てへん＋（掌の手に代えて牙）,1,kana-component,aozora
g-2d45e9c9cd9b,てへん＋（鹿／禾）,3,kana-component,aozora
g-6ba21cb926a7,なべぶた／（田＋久）,1,kana-component,aozora
g-115fa27195aa,にんべん＋丸,1,kana-component,aozora
g-024324ca8f8a,にんべん＋充,1,kana-component,aozora
g-a3b4e860bf03,にんべん＋及,1,kana-component,aozora
g-1f52792c13b5,にんべん＋娉のつくり,1,kana-component,aozora
g-86ddd53f2679,にんべん＋孱,1,kana-component,aozora
g-1cd5a98026c6,にんべん＋巨,4,kana-component,aozora
g-e67c97b9bad5,にんべん＋弖,1,kana-component,aozora
g-6913962eea56,にんべん＋愁,1,kana-component,aozora
g-30766939fa60,にんべん＋房,1,kana-component,aozora
g-74a76d55ed40,にんべん＋權のつくり,2,kana-component,aozora
g-66f8b6a6de51,にんべん＋濳のつくり,1,kana-component,aozora
g-7619047585f4,にんべん＋焦,1,kana-component,aozora
g-7d65bc877a44,にんべん＋皇,1,kana-component,aozora
g-114704f8df77,にんべん＋竹のつくり,2,kana-component,aozora
g-6c7e61a31ff9,にんべん＋總のつくり,1,kana-component,aozora
g-aa4f62427ade,にんべん＋鐶のつくり,6,kana-component,aozora
g-0115688ca009,にんべん＋雇,1,kana-component,aozora
g-d6bed0a15a7d,ひとがしら／ナ,8,kana-component,aozora
g-88df9f3d97e4,やまいだれ＋可,1,kana-component,aozora
g-6e19e1200ed9,やまいだれ＋比,1,kana-component,aozora
g-c8a4772e1998,やまいだれ＋発,2,kana-component,aozora
g-30c8a8223b4a,やまいだれ＋（「堊,1,kana-component,aozora
g-b0056543810f,りっしんべん＋「僕,1,kana-component,aozora
g-860abfc523d4,りっしんべん＋危,2,kana-component,aozora
g-e1b1d84cbed1,りっしんべん＋可,1,kana-component,aozora
g-4247731922d9,りっしんべん＋巧,7,kana-component,aozora
g-d5c29d730085,りっしんべん＋更,1,kana-component,aozora
g-5dbacd96d71e,りっしんべん＋曹,1,kana-component,aozora
g-c2d246c378f7,りっしんべん＋登,1,kana-component,aozora
g-5bfea80b8bd9,りっしんべん＋發,2,kana-component,aozora
g-ac7c3055dd35,りっしんべん＋繊のつくり,11,kana-component,aozora
g-9b3cd90ca1c8,りっしんべん＋隋,1,kana-component,aozora
g-0dc184f3cbeb,りっしんべん＋音,1,kana-component,aozora
g-fa7622461f10,わかんむり／一／豕,2,kana-component,aozora
g-ccfe2d9adbfd,ハングル文字、「└／┴／─／｜｜／─」、465-9,1,kana-component,aozora
g-67439f219b32,ハングル文字、「○＋｜」、439-17,1,kana-component,aozora
g-ddc70660bebf,ハングル文字、「○＋｜」、440-1,1,kana-component,aozora
g-e9ac12d9d8b3,ハングル文字、「○＋｜」、440-7,1,kana-component,aozora
g-6fcec2535d24,ハングル文字、「「ロ／亅／一」＋｜」、440-7,1,kana-component,aozora
g-b81f5a296ec4,ハングル文字、「フ＋ト」、463-1,1,kana-component,aozora
g-4fa7059046d7,ハングル文字、「ロ／亅／一」、439-17,1,kana-component,aozora
g-6d0ae5104e00,ハングル文字、「ロ／亅／一」、440-1,1,kana-component,aozora
g-b6cf78018479,ハングル文字、「ロ／亅／一」、440-7,1,kana-component,aozora
g-6e416e0e2b6b,一／力,13,ids,aozora
g-14e70c957afb,七／（月＋馬＋月）,1,parenthesised,aozora
g-3d17a6ee2826,三／二,1,ids,aozora
g-4fa682ae09ca,丞／己,2,ids,aozora
g-d76ab1698c01,丿＋臣＋頁,2,multi-operator,aozora
g-209cc92de953,二点しんにょう＋帶,1,kana-component,aozora
g-085f13e3d02d,二点しんにょう＋於,1,kana-component,aozora
g-2204fdfd5ce8,二点しんにょう＋隣のつくり,1,kana-component,aozora
g-7761e936f4b3,二点しんにょう＋麦,1,kana-component,aozora
g-928b460b9e7a,二／二,1,ids,aozora
g-0a96814e4ccd,亜／土,1,ids,aozora
g-d47fdb76c2f4,亠／（田＋久）,1,parenthesised,aozora
g-23d4c86efc0b,兀＋危,1,ids,aozora
g-a06a8c3cf441,入／王,2,ids,aozora
g-785e2c0506f2,兪／心,2,ids,aozora
g-7ceac23289ea,冖／田／（「卅,1,parenthesised,aozora
g-e58679eff75b,冫＋咸,17,ids,aozora
g-f2f536fd006c,冫＋影,1,ids,aozora
g-e7218681eb49,冫＋虫,1,ids,aozora
g-35be3767ff93,冫＋陸のつくり,2,kana-component,aozora
g-742c2dd8542c,刀／貝,1,ids,aozora
g-a5eec7d0663c,分＋おおざと,2,kana-component,aozora
g-e2e86b015b78,刋のへん＋久,1,kana-component,aozora
g-1574f62915b9,刋のへん＋寸,1,kana-component,aozora
g-d62293c81185,前の「※」は「ころもへん＋上」、後の「※」は「ころもへん＋下」、272-4,1,kana-component,aozora
g-5912bed9ba9f,前の「※」は「ころもへん＋上」、後の「※」は「ころもへん＋下」、273-5,1,kana-component,aozora
g-322e6849d2bd,功のへん＋二点しんにょうの遠,1,kana-component,aozora
g-9289dd1ed9c0,功のへん＋（奥／土）,1,kana-component,aozora
g-3428eaa4f06e,功のへん＋（竹かんむり／均）,1,kana-component,aozora
g-9b1e31ff94cc,匈／月,1,ids,aozora
g-20c4b6eb6520,匈／（胃－田）,1,subtractive,aozora
g-d9a2f2123698,卓＋戈,12,ids,aozora
g-30e8c6dbaf0f,占のあたま／（冂＜メ）／禽のあし,1,kana-component,aozora
g-6a1352bcbc7a,厂＋至,8,ids,aozora
g-36c74e529caa,厂＋黒,1,ids,aozora
g-41e2aa83dd84,厂＋龍,1,ids,aozora
g-399d0354481e,去＋りっとう,2,kana-component,aozora
g-ac4ce894da91,口＋「隸,3,other,aozora
g-ac31a4aca8f6,口＋下,2,ids,aozora
g-b5425ac337ff,口＋世,1,ids,aozora
g-cf8c0ea558a8,口＋咨,2,ids,aozora
g-a52753eeb8da,口＋地,2,ids,aozora
g-429f70eebb3c,口＋堂,1,ids,aozora
g-a693cce9fbef,口＋姜,3,ids,aozora
g-a6c8a87a5d8a,口＋尨,1,ids,aozora
g-59e0283a3e55,口＋彗,1,ids,aozora
g-c26fe23ac60b,口＋息,8,ids,aozora
g-bbdeec8d8ebe,口＋慊のつくり,1,kana-component,aozora
g-7ca6a468194e,口＋敗,1,ids,aozora
g-68e57d19a91c,口＋斗,37,ids,aozora
g-5ee65e33d758,口＋桑,1,ids,aozora
g-6aad61835fc2,口＋欷,1,ids,aozora
g-8f4f6cd67959,口＋盧,1,ids,aozora
g-13eb92c0406e,口＋睫のつくり,1,kana-component,aozora
g-70953adc0658,口＋罅のつくり,1,kana-component,aozora
g-06ac3fe1569c,口＋若,1,ids,aozora
g-0e8674b48b0e,口＋需,1,ids,aozora
g-75c8ced7e6ac,口＋（虍／乎）,1,parenthesised,aozora
g-bdd3fb22c38d,口／十,1,ids,aozora
g-28caf7ce0569,口／恩,1,ids,aozora
g-937b20dfa69a,口／温,1,ids,aozora
g-d93de7c7a776,口／軋,1,ids,aozora
g-4bbbad7e2048,古＋（暇－日）,1,subtractive,aozora
g-b4ef8b4c72ac,君＋頁,1,ids,aozora
g-e620899aeb73,土へん＋分,1,kana-component,aozora
g-b5dfd80844cf,土へん＋埀,2,kana-component,aozora
g-0f1c6821a411,土へん＋婁,1,kana-component,aozora
g-6beffca33ef8,土へん＋已,2,kana-component,aozora
g-2fa616185994,土へん＋曼,1,kana-component,aozora
g-fcd31e6e5993,土へん＋母,1,kana-component,aozora
g-be6b2796b3fc,土へん＋犀,1,kana-component,aozora
g-6eb75bc79926,土へん＋皆,1,kana-component,aozora
g-5a13e5d2148c,土へん＋竒,1,kana-component,aozora
g-61143b90a613,土へん＋累,4,kana-component,aozora
g-be1de7fa04d4,土へん＋豈,1,kana-component,aozora
g-8caa5de34990,土へん＋（蒙－くさかんむり）,1,kana-component,aozora
g-0e448b165c39,土＋已,1,ids,aozora
g-cc0823e425fd,土＋母,2,ids,aozora
g-18ed858a2894,執／れっか,1,kana-component,aozora
g-a39b7cf5c121,執／れんが,1,kana-component,aozora
g-b7f7fa325f01,士／冖／（冫＋口）／木,1,parenthesised,aozora
g-f92477d80a40,士／毋,3,ids,aozora
g-6fd57324309f,女＋保,5,ids,aozora
g-fc3548f6210f,女＋半,1,ids,aozora
g-0051b07c9dcd,女＋展,1,ids,aozora
g-31cb075d23fa,女＋島,2,ids,aozora
g-8159ff34b3be,女＋感,2,ids,aozora
g-ba8da1df7201,女＋早,1,ids,aozora
g-5c6846417b74,女＋綵のつくり,2,kana-component,aozora
g-286b34365c12,女＋繆のつくり,3,kana-component,aozora
g-cf7d6bbb93b1,女＋苗,1,ids,aozora
g-4e1ee0e27d1f,女＋蚩,1,ids,aozora
g-0dc668f96f6e,女＋貔のつくり,3,kana-component,aozora
g-7f6c26cdb6ce,女＋釆,3,ids,aozora
g-ba69e62995f7,女＋（「島,1,parenthesised,aozora
g-621d05c394ba,女＋（「第－竹,3,subtractive,aozora
g-f264902fb012,女＋（合／廾）,1,parenthesised,aozora
g-a81ec61aadd0,姦＋干,1,ids,aozora
g-d08692e73687,子＋盡,3,ids,aozora
g-80365475492d,孛＋鳥,1,ids,aozora
g-dec358be7f20,宀／婁,4,ids,aozora
g-95f21e7b3e82,宀／必／冉,1,multi-operator,aozora
g-dd82fcc15f9b,宀／成,1,ids,aozora
g-cf9da744924a,安／革,1,ids,aozora
g-1d5ce2675181,寸＋多,2,ids,aozora
g-f5032e786497,就／言,1,ids,aozora
g-d22711ddf96c,尸＋矢,1,ids,aozora
g-1cbcb8a0dc11,尸＋阿,1,ids,aozora
g-1e69002eeb72,山＋労,4,ids,aozora
g-a311081a1b38,山＋咢,1,ids,aozora
g-d38edfae8b5c,山＋圭,2,ids,aozora
g-83faf840b8df,山＋角,4,ids,aozora
g-bb3a6f4545b3,山／卒,1,ids,aozora
g-99048e226035,山／眉,2,ids,aozora
g-77ea61bd395b,山／辟,1,ids,aozora
g-d4b99f5dacff,山／頽,1,ids,aozora
g-4850b37c956f,巾＋兌,6,ids,aozora
g-3f81e71309a2,巾＋正,1,ids,aozora
g-7a3e89d0686f,巾＋莫,1,ids,aozora
g-193a485455f9,巾＋（穴かんむり／登）,1,kana-component,aozora
g-fbeded83d753,帚－（冖／巾）,1,subtractive,aozora
g-74850ac4b9d8,广＋寺,6,ids,aozora
g-1985a4fe5d26,广＋（十＋十）／日,1,parenthesised,aozora
g-a91e0201747e,底本が「口＋羅」と注記した梵字（fig45230_02.png）、187-下-23,1,kana-component,aozora
g-37e80224cc57,底本が「口＋羅」と注記した梵字（fig45230_02.png）、188-上-12,1,kana-component,aozora
g-986636fcb6e8,廴＋囘,2,ids,aozora
g-fe36258be390,弓＋肖,1,ids,aozora
g-b766a7f8438f,彳＋羊、第3水準1-84-32,1,other,aozora
g-41090c17d86a,彳＋（氏／一）,1,parenthesised,aozora
g-ca591cbd008a,戸の旧字＋乙,1,kana-component,aozora
g-f592734a3706,戸／乙,1,ids,aozora
g-9fb4b6102b03,救／心,1,ids,aozora
g-3b3a7881e935,敖／心,1,ids,aozora
g-463124d02da7,敝／犬,2,ids,aozora
g-ff8f5868cbcf,敝／縄のつくり,3,kana-component,aozora
g-5a27f02cd7ce,敝／龜,1,ids,aozora
g-f7a594eebad8,文＋瀾のつくり,1,kana-component,aozora
g-04ca11f991a4,斬／手,1,ids,aozora
g-308346eed844,旗－其＋冉,1,subtractive,aozora
g-43488d203b62,日＋鉛のつくり,1,kana-component,aozora
g-7deeb0ee5ec1,日＋（士／冖／一／一／口／一）,1,parenthesised,aozora
g-cc0dcfef2005,曷＋毛,1,ids,aozora
g-d80f87f9c8d4,曾＋りっとう,1,kana-component,aozora
g-e303a6e400e9,會＋りっとう,1,kana-component,aozora
g-ce56e10371c8,月＋亨,1,ids,aozora
g-aafd3065e0af,月＋因,2,ids,aozora
g-0fc26ddc5849,月＋毛,1,ids,aozora
g-891b2b4ff599,月＋瞿,2,ids,aozora
g-7a80c4c1fa20,月＋矣,2,ids,aozora
g-1e3ebef434ed,月＋祭,1,ids,aozora
g-3e7712accc80,月＋誨のつくり,1,kana-component,aozora
g-ed917f5ce4ff,月＋（「亶,1,parenthesised,aozora
g-99f9f6d9806c,月＋（而／大）,1,parenthesised,aozora
g-c0cee36504db,木＋僚のつくり,1,kana-component,aozora
g-0d8ace286abb,木＋冉,1,ids,aozora
g-eaa6613526a2,木＋号,1,ids,aozora
g-4843c756a9c5,木＋呈,5,ids,aozora
g-0fe35364b58b,木＋忽,4,ids,aozora
g-ce0b8fb24daa,木＋戈,1,ids,aozora
g-316c05e19710,木＋旃,1,ids,aozora
g-a7969ee96808,木＋窄,1,ids,aozora
g-81193a374d91,木＋草,1,ids,aozora
g-eb4ac9f37db7,木＋覧,2,ids,aozora
g-82b315a2eb42,木＋鑞のつくり,3,kana-component,aozora
g-20398e47e7d1,木＋霊,1,ids,aozora
g-a28fbe211fad,木＋（冂＜はみ出た横棒二本）,1,kana-component,aozora
g-a2866da4b685,木＋（蚣のつくり／儿）,1,kana-component,aozora
g-869160257fea,木／喬,8,ids,aozora
g-e5e46307772c,此／目,1,ids,aozora
g-19942d566db7,歹＋勿,4,ids,aozora
g-7e53c1b04e2c,歹＋繊のつくり,1,kana-component,aozora
g-1fd6db9e5878,殼／心,4,ids,aozora
g-0b4a1d80f8c4,殿／土,1,ids,aozora
g-e6ded8c7f38b,火＋單,1,ids,aozora
g-c623dffce98d,火＋房,3,ids,aozora
g-247f15ef4373,火＋斤,1,ids,aozora
g-617acf03d571,火＋發,24,ids,aozora
g-296f5ba4cd87,炎＋稻のつくり,2,kana-component,aozora
g-a3f22fc94f06,片＋怱,1,ids,aozora
g-8807eba888d0,牛へん＋可,1,kana-component,aozora
g-1392f1ddfdbf,牛へん＋羊,1,kana-component,aozora
g-98604b02d796,牛＋子,2,ids,aozora
g-1c85950bd47c,王＋「虞,3,other,aozora
g-24fc193ce33e,王＋且,1,ids,aozora
g-6f0109d99a0a,王＋倉,1,ids,aozora
g-2529499e6791,王＋它,1,ids,aozora
g-f9e551ed754d,王＋昌,2,ids,aozora
g-f72a40e05c26,王＋牙,1,ids,aozora
g-cdd121b9ff60,王＋田,1,ids,aozora
g-f742a7560633,王＋累,1,ids,aozora
g-e3bbab49464e,瓜へん＋長,1,kana-component,aozora
g-a14a97f3f600,甘＋舌,1,ids,aozora
g-36df5cc14560,田＋鹿,1,ids,aozora
g-d600eb0b2152,白＋光,1,ids,aozora
g-3be3d8e4e62a,白＋斗,2,ids,aozora
g-14795f0a9541,白＋番,1,ids,aozora
g-0082f32d4bb8,目へん＋屯,1,kana-component,aozora
g-45ca53e919b0,目＋丑,1,ids,aozora
g-cc002ad47137,目＋乏,2,ids,aozora
g-5e72a3b89d4a,目＋夢,2,ids,aozora
g-198317c637b7,目＋嬪のつくり,5,kana-component,aozora
g-7a496c5b00bf,目＋宗,1,ids,aozora
g-9667e1564196,目＋帝,3,ids,aozora
g-3fba0509abf6,目＋末,2,ids,aozora
g-761651fe0edb,目＋炎,1,ids,aozora
g-824e447129c4,目＋盧,1,ids,aozora
g-9d04ed8413f2,目＋（離れたくさかんむり／（罘－不）／冖／目）,1,kana-component,aozora
g-d38bde06c7ce,目＋（黒の旧字／土）,1,kana-component,aozora
g-f02cec144560,矛＋贊,1,ids,aozora
g-8dd138078392,知／久,1,ids,aozora
g-a7fdd1052f35,知／寸,1,ids,aozora
g-6096c648353b,石＋可,2,ids,aozora
g-4ee540c04dbc,石＋囘,1,ids,aozora
g-acd78f9561bf,石＋昔,1,ids,aozora
g-f6b9c165ca0d,石＋柬,1,ids,aozora
g-6917ef7b6365,石＋溏のつくり,1,kana-component,aozora
g-fe3d5b583705,石＋脛のつくり,1,kana-component,aozora
g-5baa07271da3,石＋雷,1,ids,aozora
g-da4316e09f64,石＋龍,1,ids,aozora
g-037933a7710e,示＋勺,1,ids,aozora
g-f7f3d1b24972,示＋氏,2,ids,aozora
g-bcccf547238d,示＋煙のつくり,1,kana-component,aozora
g-6146404d6f8a,示＋（廣－广）,1,subtractive,aozora
g-1f71f35a7000,示＋（蚣のつくり／儿）,1,kana-component,aozora
g-fedca2951415,穴かんむり／悉,1,kana-component,aozora
g-37e35894bd85,穴かんむり／眞,1,kana-component,aozora
g-f0189bd89066,穴／宇,1,ids,aozora
g-b3612e567fef,穴／（瓜＋瓜）,1,parenthesised,aozora
g-76a69c22e016,立へん＋丁,1,kana-component,aozora
g-8af2355819d6,竹かんむり＋擇,4,kana-component,aozora
g-1e25ceac4603,竹かんむり／「垂,2,kana-component,aozora
g-e2c8f0fae6b2,竹かんむり／候,1,kana-component,aozora
g-fb0e2a53a7f2,竹かんむり／擧,1,kana-component,aozora
g-a9dde13f4611,竹かんむり／收,1,kana-component,aozora
g-d0ad6cfd4d94,竹かんむり／束,1,kana-component,aozora
g-cc817ebf0934,竹かんむり／沾,3,kana-component,aozora
g-331298d3ee87,竹／彗,1,ids,aozora
g-96195dc01b7b,筮／八／口,3,multi-operator,aozora
g-4a6f6ccde206,米＋屑,1,ids,aozora
g-38772718ddad,糸＋原,1,ids,aozora
g-fb1e42f2facb,糸＋取,1,ids,aozora
g-3280f624ba42,糸＋寄,1,ids,aozora
g-90a2154cd3b0,糸＋察,1,ids,aozora
g-45a0c216b9ee,糸＋尭,1,ids,aozora
g-84a744b5ac35,糸＋弗,1,ids,aozora
g-a0ce272e9123,糸＋彌,4,ids,aozora
g-86236b4da202,糸＋戊,3,ids,aozora
g-60390eef180c,糸＋熏,2,ids,aozora
g-cbcaf19f1bad,糸＋率,1,ids,aozora
g-4e702ccafd73,糸＋肅,1,ids,aozora
g-3ddfbc58a27b,糸＋至,1,ids,aozora
g-7c773c6d52a3,糸＋裲のつくり,1,kana-component,aozora
g-73a3fd352f43,糸＋貴,1,ids,aozora
g-d6760694f25d,糸＋逢のつくり,4,kana-component,aozora
g-b1ea662451bd,糸＋（舎－口）,2,subtractive,aozora
g-ecd8ec85306d,緇のつくり＋鳥,2,kana-component,aozora
g-956b4a65a511,纒のつくり＋おおざと,1,kana-component,aozora
g-2ac3eca72b17,纔のつくり＋りっとう,1,kana-component,aozora
g-845bbb7bc310,缶＋卩,2,ids,aozora
g-48879701d30a,缶＋権のつくり,1,kana-component,aozora
g-5ece153ee169,网／卯,1,ids,aozora
g-c3afafabac4c,羔／（（美－大）／人）,2,subtractive,aozora
g-ee1788ecd051,翔のへん＋飛,1,kana-component,aozora
g-5cd16e5401b4,老／子,1,ids,aozora
g-a530274c466a,耳＋吾,1,ids,aozora
g-c78f92a30315,臼／勿,1,ids,aozora
g-bf78c442ea16,舟＋夾,3,ids,aozora
g-a7c1bbe51f65,舟＋巨,1,ids,aozora
g-fe5d9bf47877,舟＋覧,1,ids,aozora
g-b5c52e76e093,舟＋走,1,ids,aozora
g-4764b8f6956c,茲／瓦,1,ids,aozora
g-cff1932e7f12,菲／一,1,ids,aozora
g-ec8814acef53,虫＋元,1,ids,aozora
g-a4533a028664,虫＋其,2,ids,aozora
g-6345074b3105,虫＋孟,1,ids,aozora
g-bbd7c6e91183,虫＋廷,2,ids,aozora
g-537f3efeb11e,虫＋息,2,ids,aozora
g-701e4e75f71e,虫＋恵,2,ids,aozora
g-0f4b1fe99e60,虫＋慈,1,ids,aozora
g-44eedf251bb7,虫＋慮,1,ids,aozora
g-a880cba4714c,虫＋或,1,ids,aozora
g-671994a4df32,虫＋捷のつくり,2,kana-component,aozora
g-6c8979442adc,虫＋條,1,ids,aozora
g-bd9ae44d7a13,虫＋田,1,ids,aozora
g-57ce05b1ab0f,虫＋糸,2,ids,aozora
g-80122f1774fd,虫＋羸,1,ids,aozora
g-ce8634601a7d,虫＋豈,1,ids,aozora
g-d45c95116f6c,虫＋（冉の４画目左右に突き出る）,1,kana-component,aozora
g-3c899d5976a3,蚌のつくり＋蚌のつくり,1,kana-component,aozora
g-cea7309d0a2c,血＋卜,2,ids,aozora
g-8e102a5f3035,衣＋農,1,ids,aozora
g-3cae13930392,角＋おおざと,1,kana-component,aozora
g-6e2e021afd10,言＋叟,1,ids,aozora
g-80aa6fb4c8bd,言＋委,3,ids,aozora
g-6ef5c4dc3087,言＋皮,2,ids,aozora
g-de321213b343,言＋票,1,ids,aozora
g-d2ed08b80d18,討／貝,1,ids,aozora
g-362ba51ef9df,誨のつくり＋卜,1,kana-component,aozora
g-9e05d9431869,讀＋言,1,ids,aozora
g-4d6af2f77a95,豈＋風,1,ids,aozora
g-a90456c3e27e,豊＋弟,1,ids,aozora
g-bd0395243c48,豕＋巴,1,ids,aozora
g-26cb87010e93,豕＋賁,1,ids,aozora
g-b00009b38931,貝＋兄,1,ids,aozora
g-57f7ed0ed310,貝＋冒,1,ids,aozora
g-914c3c38f8fc,貝＋藏,1,ids,aozora
g-b5b85aa66e53,赤＋報のつくり,18,kana-component,aozora
g-d95c22460692,赤＋（暇－日）,1,subtractive,aozora
g-7eebc99245f0,走にょう＋來,1,kana-component,aozora
g-897cbae9ecd7,走にょう＋兪,1,kana-component,aozora
g-0d4f2f3f5c2a,走にょう＋多,2,kana-component,aozora
g-a1b0aa848fc7,走にょう＋（咨－口）,2,kana-component,aozora
g-009034eb9dcf,走＋喬,3,ids,aozora
g-d9cf2526d432,走＋尓,1,ids,aozora
g-ce41d7742486,足へん＋令,1,kana-component,aozora
g-1915085dbe28,足へん＋全,1,kana-component,aozora
g-aeaa907c4254,足へん＋多,1,kana-component,aozora
g-75f5be33be1d,足へん＋屏,1,kana-component,aozora
g-b35beabbd054,足へん＋廚,1,kana-component,aozora
g-e99781af1307,足へん＋徙,1,kana-component,aozora
g-d2fdc8e50b7c,足へん＋從のつくり,2,kana-component,aozora
g-c33353317aaa,足へん＋歩,1,kana-component,aozora
g-4507f9695309,足へん＋爛のつくり,1,kana-component,aozora
g-d46a91a064d8,足＋勺,3,ids,aozora
g-fbd01cd79c54,足＋占,1,ids,aozora
g-1b28be75e55c,身＋冉,1,ids,aozora
g-a7c8aed6acbe,身＋応,1,ids,aozora
g-7b0730b537ff,車＋令,1,ids,aozora
g-22742eda25bd,車＋兀,3,ids,aozora
g-4831efbc8432,車＋全,1,ids,aozora
g-da0cf4e04451,車＋端のつくり,1,kana-component,aozora
g-554374c0a649,車＋般,1,ids,aozora
g-2bb2d064d10e,辟／鳥,1,ids,aozora
g-0c5c7a99fffd,酉＋嚴,1,ids,aozora
g-c3292623948e,酉＋珍のつくり,1,kana-component,aozora
g-171fcd445670,酉＋票,1,ids,aozora
g-db3e320c974b,酉＋靈,1,ids,aozora
g-bf3129bd4c69,酋＋おおざと,1,kana-component,aozora
g-816c25c66eab,金＋乏,1,ids,aozora
g-a1083c3f0afe,金＋俊のつくり,1,kana-component,aozora
g-9434a7dabb31,金＋夫,1,ids,aozora
g-f2a123944e75,金＋志,1,ids,aozora
g-0e2379061af5,金＋截,1,ids,aozora
g-4a75e7263b00,金＋挿のつくり,1,kana-component,aozora
g-ca8abee2a17e,金＋插のつくり,1,kana-component,aozora
g-9c11c5798817,金＋攜のつくり,1,kana-component,aozora
g-b7b90c383ab2,金＋支,1,ids,aozora
g-715ca2ba0826,金＋柔,1,ids,aozora
g-b4cde8c9859d,金＋槿のつくり,2,kana-component,aozora
g-ee12ed7c0768,金＋研のつくり,1,kana-component,aozora
g-fe445696849d,金＋表,4,ids,aozora
g-2dc3a1b39003,金＋質,1,ids,aozora
g-c223b5bba385,阿／女,1,ids,aozora
g-8eaaebea08d1,陷のつくり＋欠,1,kana-component,aozora
g-388f6b3aeb37,隙のつくり＋虎,1,kana-component,aozora
g-8cd9423234e6,雨かんむり／毎,1,kana-component,aozora
g-3919bf6cc833,雨かんむり／湯,1,kana-component,aozora
g-ee8476f1e2a0,雨かんむり／誨のつくり,1,kana-component,aozora
g-a90f1656fb95,非0213外字：「厂＋菫」、ただし「菫」は第3水準1-92-16のつくりの形、読みは「わづ」、289-上-12,1,kana-component,aozora
g-87d9aba10db4,非0213外字：「厂＋菫」、ただし「菫」は第3水準1-92-16のつくりの形、読みは「わづか」、286-下-24,1,kana-component,aozora
g-354ebe7e2ad1,革＋室,1,ids,aozora
g-05a6fd1c60a6,革＋巴,2,ids,aozora
g-1298631d486a,革＋建,23,ids,aozora
g-5e2e06d92ebc,革＋引,1,ids,aozora
g-2f04aff7ce0a,革＋背,1,ids,aozora
g-3ddbde462cea,革＋（顯－頁）,1,subtractive,aozora
g-9c753928eb22,風にょう＋旋のつくり,1,kana-component,aozora
g-2c28e0632483,飮のへん＋巉のつくり,1,kana-component,aozora
g-adcde50e8687,飮のへん＋旨,1,kana-component,aozora
g-cb4ef274fd85,飮のへん＋纔のつくり,1,kana-component,aozora
g-82d75d79e308,飲のへん＋乍,2,kana-component,aozora
g-121cea266924,馬＋來,1,ids,aozora
g-d1b654d8520c,馬＋勺,2,ids,aozora
g-368bf7445253,馬＋央,1,ids,aozora
g-86a783cea00b,馬＋干,1,ids,aozora
g-cc68fb83a766,馬＋戎,5,ids,aozora
g-ae8887d9e6a8,馬＋渓のつくり,1,kana-component,aozora
g-e0e292f35b42,馬＋畢,3,ids,aozora
g-66d8bd3e8e50,馬／廾,1,ids,aozora
g-792018232822,髟＋坐,2,ids,aozora
g-0e325d30575c,髟／丐,1,ids,aozora
g-1529334b7293,髟／再,1,ids,aozora
g-6d6069f9901b,髟／胡,2,ids,aozora
g-c6e0cc751354,魚へん＋君,2,kana-component,aozora
g-fbb62cbcc055,魚＋才,1,ids,aozora
g-ae6ae250f8ab,魚＋昜,24,ids,aozora
g-863c39065907,魚＋節,1,ids,aozora
g-4ca69dd33d29,魚＋豕,1,ids,aozora
g-e07cbf6bfb9c,鹵＋差,1,ids,aozora
g-e477adabc67f,鹿＋鳥,1,ids,aozora
g-8de4dbb07ab6,鹿／几,4,ids,aozora
g-b2902615cc17,鹿／（暇－日）,1,subtractive,aozora
g-72764a77578f,鼓／兆,1,ids,aozora
g-52ac93f02a16,鼠＋占,1,ids,aozora
g-0580be2555cd,鼠＋（偃－イ）,1,kana-component,aozora
g-3735ac0a992b,齒＋兒,1,ids,aozora
g-6b05c2b41881,（ム／（ム＋ム））／糸,2,kana-component,aozora
g-64e8bec6f0f0,（來＋力）／心,1,parenthesised,aozora
g-e1c21a5c02d2,（來＋攵）／鳥,1,parenthesised,aozora
g-b903a9feeacd,（口＋口）／田／一／黽,1,parenthesised,aozora
g-1106b44a529c,（夕＋匕）／手,1,parenthesised,aozora
g-e56e6c32a097,（幸＋攵）／皿,8,parenthesised,aozora
g-ecced1bb7ea9,（浅－さんずい）／皿,1,kana-component,aozora
g-08cc0189427b,（禾＋尤）／上／日,15,parenthesised,aozora
g-634dc830114a,（章＋夂／貢）／心,2,parenthesised,aozora
g-bd3119c01904,（箆－竹－比）／民,3,subtractive,aozora
g-14c042268091,（罪－非）／「厠,1,subtractive,aozora
g-4a81e74cb61b,（自／木）＋危,1,parenthesised,aozora
g-658f94463daa,（自／蚌のつくり）＋飛,1,kana-component,aozora
g-221f5e69aabc,（餮－殄）／求,1,subtractive,aozora
g-48884d7730be,（馬－れんが）／廾,3,kana-component,aozora
g-11ad10d036fa,Ｙ＋Ｙ,21,other,aozora
